name,id,voted,votes,percent,active
"Daniel DALTON",35135,546,546,100.00,True
"Hilde VAUTMANS",130100,546,546,100.00,True
"Anneleen VAN BOSSUYT",117491,545,546,99.82,True
"Nicola CAPUTO",124851,828,831,99.64,True
"Jens GIESEKE",124807,828,831,99.64,True
"Tunne KELAM",28424,828,831,99.64,True
"Elisabeth KÖSTINGER",96882,828,831,99.64,True
"Massimiliano SALINI",125670,828,831,99.64,True
"Mara BIZZOTTO",97198,827,831,99.52,True
"Seb DANCE",124952,827,831,99.52,True
"José Inácio FARIA",125101,827,831,99.52,True
"Lorenzo FONTANA",96993,827,831,99.52,True
"Robert Jarosław IWASZKIEWICZ",124886,827,831,99.52,True
"Seán KELLY",96668,827,831,99.52,True
"Jude KIRTON-DARLING",124953,827,831,99.52,True
"Jérôme LAVRILLEUX",124731,827,831,99.52,True
"Vladimír MAŇKA",28192,827,831,99.52,True
"Claude ROLIN",125107,827,831,99.52,True
"Georges BACH",97293,826,831,99.40,True
"Andrea BOCSKOR",124712,826,831,99.40,True
"Isabella DE MONTE",124803,826,831,99.40,True
"Andor DELI",124714,826,831,99.40,True
"Herbert DORFMANN",96787,826,831,99.40,True
"Françoise GROSSETÊTE",2025,826,831,99.40,True
"Petr JEŽEK",124707,826,831,99.40,True
"Othmar KARAS",4246,826,831,99.40,True
"Andrejs MAMIKINS",124746,826,831,99.40,True
"Thomas MANN",1922,826,831,99.40,True
"Alessia Maria MOSCA",124868,826,831,99.40,True
"Olga SEHNALOVÁ",96718,826,831,99.40,True
"Theodor Dumitru STOLOJAN",39721,826,831,99.40,True
"Pavel TELIČKA",124706,826,831,99.40,True
"Bogdan Brunon WENTA",124903,826,831,99.40,True
"Brando BENIFEI",124867,825,831,99.28,True
"Ashley FOX",96957,825,831,99.28,True
"Esteban GONZÁLEZ PONS",125027,825,831,99.28,True
"Andrew LEWER",124943,825,831,99.28,True
"Arne LIETZ",124839,825,831,99.28,True
"Gabriele PREUSS",124888,825,831,99.28,True
"Christine REVAULT D'ALLONNES BONNEFOY",124287,825,831,99.28,True
"Sofia RIBEIRO",124733,825,831,99.28,True
"Siôn SIMON",124948,825,831,99.28,True
"Olaf STUGER",125028,825,831,99.28,True
"Eleftherios SYNADINOS",125072,825,831,99.28,True
"Claudia TAPARDEL",124793,825,831,99.28,True
"Marco VALLI",124778,825,831,99.28,True
"Monika VANA",124934,825,831,99.28,True
"Anders Primdahl VISTISEN",124875,825,831,99.28,True
"Adina-Ioana VĂLEAN",37324,825,831,99.28,True
"Jarosław WAŁĘSA",96774,825,831,99.28,True
"Marco ZANNI",124780,825,831,99.28,True
"Izaskun BILBAO BARANDICA",96922,824,831,99.16,True
"Renata BRIANO",124787,824,831,99.16,True
"Pál CSÁKY",124930,824,831,99.16,True
"Arnaud DANJEAN",96747,824,831,99.16,True
"Nicola DANTI",124821,824,831,99.16,True
"Jonás FERNÁNDEZ",125046,824,831,99.16,True
"Lampros FOUNTOULIS",125070,824,831,99.16,True
"Mary HONEYBALL",5846,824,831,99.16,True
"Vicky MAEIJER",97513,824,831,99.16,True
"Fernando MAURA BARANDIARÁN",125039,824,831,99.16,True
"Luigi MORGANO",124788,824,831,99.16,True
"Julia REDA",124816,824,831,99.16,True
"Herbert REUL",28225,824,831,99.16,True
"Claudia SCHMIDT",125016,824,831,99.16,True
"Tibor SZANYI",124703,824,831,99.16,True
"Lucy ANDERSON",124949,823,831,99.04,True
"Ole CHRISTENSEN",28154,823,831,99.04,True
"Pascal DURAND",124693,823,831,99.04,True
"Filiz HYUSMENOVA",34249,823,831,99.04,True
"Karin KADENBACH",97014,823,831,99.04,True
"Stanisław OŻÓG",124897,823,831,99.04,True
"Marijana PETIR",124749,823,831,99.04,True
"Mirosław PIOTROWSKI",28341,823,831,99.04,True
"Cecilia WIKSTRÖM",96677,823,831,99.04,True
"Kristina WINBERG",124995,823,831,99.04,True
"Bogdan Andrzej ZDROJEWSKI",124893,823,831,99.04,True
"Marco ZULLO",125237,823,831,99.04,True
"Laura AGEA",124811,822,831,98.92,True
"Fabio Massimo CASTALDO",124812,822,831,98.92,True
"Caterina CHINNICI",124861,822,831,98.92,True
"Angélique DELAHAYE",124732,822,831,98.92,True
"Edouard FERRAND",124767,822,831,98.92,True
"Zbigniew KUŹMIUK",28389,822,831,98.92,True
"Ulrike LUNACEK",97017,822,831,98.92,True
"Svetoslav Hristov MALINOV",111027,822,831,98.92,True
"Iskra MIHAYLOVA",125128,822,831,98.92,True
"Christel SCHALDEMOSE",37312,822,831,98.92,True
"Evžen TOŠENOVSKÝ",96713,822,831,98.92,True
"Sophia in 't VELD",28266,822,831,98.92,True
"Dubravka ŠUICA",119434,822,831,98.92,True
"Damiano ZOFFOLI",131051,444,449,98.89,True
"Pablo ECHENIQUE",125036,519,525,98.86,False
"Marco AFFRONTE",124797,821,831,98.80,True
"Petras AUŠTREVIČIUS",124766,821,831,98.80,True
"Dita CHARANZOVÁ",124708,821,831,98.80,True
"Jean-Paul DENANOT",94282,821,831,98.80,True
"Gérard DEPREZ",1473,821,831,98.80,True
"Beata GOSIEWSKA",124900,821,831,98.80,True
"Rebecca HARMS",28233,821,831,98.80,True
"Ivan JAKOVČIĆ",124754,821,831,98.80,True
"Krišjānis KARIŅŠ",96901,821,831,98.80,True
"Piernicola PEDICINI",124844,821,831,98.80,True
"Julia PITERA",124898,821,831,98.80,True
"Marcus PRETZELL",124830,821,831,98.80,True
"Paul RÜBIG",2278,821,831,98.80,True
"Elly SCHLEIN",124804,821,831,98.80,True
"Pedro SILVA PEREIRA",124747,821,831,98.80,True
"Jan ZAHRADIL",23712,821,831,98.80,True
"Francisco SOSA WAGNER",97170,81,82,98.78,False
"Tom VANDENKENDELAERE",129164,682,691,98.70,True
"Marie-Christine ARNAUTU",124748,820,831,98.68,True
"Albert DESS",28228,820,831,98.68,True
"Pablo IGLESIAS",125031,820,831,98.68,True
"Afzal KHAN",124962,820,831,98.68,True
"Sorin MOISĂ",124789,820,831,98.68,True
"Nadine MORANO",72779,820,831,98.68,True
"Marek PLURA",124881,820,831,98.68,True
"Adam SZEJNFELD",124890,820,831,98.68,True
"Romana TOMC",125104,820,831,98.68,True
"Luis de GRANDES PASCUAL",28393,820,831,98.68,True
"Franc BOGOVIČ",125004,819,831,98.56,True
"Klaus BUCHNER",124818,819,831,98.56,True
"Carlos COELHO",1892,819,831,98.56,True
"Norbert ERDŐS",124711,819,831,98.56,True
"Matthias GROOTE",34728,819,831,98.56,True
"Gilles LEBRETON",124738,819,831,98.56,True
"Peter LUNDGREN",124996,819,831,98.56,True
"Harald VILIMSKY",125001,819,831,98.56,True
"Carlos ZORRINHO",124739,819,831,98.56,True
"Ivan ŠTEFANEC",124929,819,831,98.56,True
"Tatjana ŽDANOKA",28619,819,831,98.56,True
"Tiziana BEGHIN",124777,818,831,98.44,True
"Marie-Christine BOUTONNET",124753,818,831,98.44,True
"Miriam DALLI",124970,818,831,98.44,True
"Adam GIEREK",28379,818,831,98.44,True
"Liisa JAAKONSAARI",96684,818,831,98.44,True
"Danuta JAZŁOWIECKA",96781,818,831,98.44,True
"Barbara KUDRYCKA",28284,818,831,98.44,True
"David MARTIN",1403,818,831,98.44,True
"Norica NICOLAI",96825,818,831,98.44,True
"Péter NIEDERMÜLLER",124723,818,831,98.44,True
"Pier Antonio PANZERI",28365,818,831,98.44,True
"Cristian Dan PREDA",96838,818,831,98.44,True
"Anne SANDER",24594,818,831,98.44,True
"Molly SCOTT CATO",124942,818,831,98.44,True
"Ivo VAJGL",97019,818,831,98.44,True
"Ramón Luis VALCÁRCEL SISO",125032,818,831,98.44,True
"Miguel VIEGAS",125100,818,831,98.44,True
"Iuliu WINKLER",39725,818,831,98.44,True
"Teresa RODRIGUEZ-RUBIO",125033,376,382,98.43,False
"Michela GIUFFRIDA",124864,817,831,98.32,True
"Brian HAYES",118658,817,831,98.32,True
"Jan HUITEMA",58789,817,831,98.32,True
"Jeppe KOFOD",124870,817,831,98.32,True
"Jozo RADOŠ",112753,817,831,98.32,True
"Andreas SCHWAB",28223,817,831,98.32,True
"Remo SERNAGIOTTO",124794,817,831,98.32,True
"Bart STAES",4751,817,831,98.32,True
"Jutta STEINRUCK",96831,817,831,98.32,True
"Csaba SÓGOR",39724,817,831,98.32,True
"Charles TANNOCK",4521,817,831,98.32,True
"Daniele VIOTTI",124791,817,831,98.32,True
"Urmas PAET",129073,679,691,98.26,True
"Eleonora EVI",124779,816,831,98.19,True
"Elisa FERREIRA",28308,816,831,98.19,True
"Constance LE GRIP",101580,816,831,98.19,True
"Olle LUDVIGSSON",96673,816,831,98.19,True
"Isabella ADINOLFI",124831,815,831,98.07,True
"Zoltán BALCZÓ",96877,815,831,98.07,True
"Paul BRANNEN",124954,815,831,98.07,True
"Merja KYLLÖNEN",124736,815,831,98.07,True
"Bernd KÖLMEL",124824,815,831,98.07,True
"Evelyn REGNER",96998,815,831,98.07,True
"Terry REINTKE",103381,815,831,98.07,True
"Fernando RUAS",124730,815,831,98.07,True
"Clara Eugenia AGUILERA GARCÍA",125045,814,831,97.95,True
"Catherine BEARDER",96955,814,831,97.95,True
"Jarosław KALINOWSKI",96771,814,831,97.95,True
"Sophie MONTEL",124769,814,831,97.95,True
"Siegfried MUREȘAN",124802,814,831,97.95,True
"Franz OBERMAYR",96981,814,831,97.95,True
"Andrej PLENKOVIĆ",112755,814,831,97.95,True
"Dariusz ROSATI",28394,814,831,97.95,True
"Annie SCHREIJER-PIERIK",125030,814,831,97.95,True
"Mylène TROSZCZYNSKI",124758,814,831,97.95,True
"Inês Cristina ZUBER",111589,814,831,97.95,True
"Kosma ZŁOTOWSKI",124884,814,831,97.95,True
"Linnéa ENGSTRÖM",128588,733,749,97.86,True
"Pascal ARIMONT",24922,813,831,97.83,True
"Margrete AUKEN",28161,813,831,97.83,True
"Ivana MALETIĆ",119436,813,831,97.83,True
"Gesine MEISSNER",96870,813,831,97.83,True
"Emma McCLARKIN",96919,813,831,97.83,True
"Heinz K. BECKER",107041,812,831,97.71,True
"Philippe DE BACKER",109337,812,831,97.71,True
"José Manuel FERNANDES",96899,812,831,97.71,True
"Iratxe GARCÍA PÉREZ",28298,812,831,97.71,True
"Eider GARDIAZABAL RUBIAL",96991,812,831,97.71,True
"Sylvie GODDYN",21331,812,831,97.71,True
"Krzysztof HETMAN",124895,812,831,97.71,True
"Benedek JÁVOR",124721,812,831,97.71,True
"Eduard KUKAN",96651,812,831,97.71,True
"Edouard MARTIN",124947,812,831,97.71,True
"Elisabeth MORIN-CHARTIER",38596,812,831,97.71,True
"Lidia SENRA RODRÍGUEZ",125049,812,831,97.71,True
"Agnes JONGERIUS",125021,811,831,97.59,True
"Sabine VERHEYEN",96756,811,831,97.59,True
"Francisco ASSIS",28307,810,831,97.47,True
"Victor BOȘTINARU",39711,810,831,97.47,True
"Daniel BUDA",125012,810,831,97.47,True
"Fredrick FEDERLEY",124989,810,831,97.47,True
"Bernd LUCKE",124820,810,831,97.47,True
"Marian-Jean MARINESCU",33982,810,831,97.47,True
"Artis PABRIKS",124743,810,831,97.47,True
"Pina PICIERNO",124846,810,831,97.47,True
"Biljana BORZAN",112748,809,831,97.35,True
"Ryszard CZARNECKI",28372,809,831,97.35,True
"Eugen FREUND",125018,809,831,97.35,True
"Bolesław G. PIECHA",124874,809,831,97.35,True
"Nathalie GRIESBECK",28208,809,831,97.35,True
"Marek Józef GRÓBARCZYK",96790,809,831,97.35,True
"Anja HAZEKAMP",125023,809,831,97.35,True
"Pavel POC",96715,809,831,97.35,True
"Emil RADEV",124850,809,831,97.35,True
"Laurențiu REBEGA",124792,809,831,97.35,True
"José BOVÉ",96744,808,831,97.23,True
"Rosa D'AMATO",124835,808,831,97.23,True
"Martina DLABAJOVÁ",124709,808,831,97.23,True
"Janusz ZEMKE",96784,808,831,97.23,True
"Joëlle BERGERON",124740,807,831,97.11,True
"Dominique BILDE",124771,807,831,97.11,True
"Reimer BÖGE",1037,807,831,97.11,True
"Richard CORBETT",2309,807,831,97.11,True
"Elena GENTILE",124847,807,831,97.11,True
"Sylvie GUILLAUME",96952,807,831,97.11,True
"Jean-Luc MÉLENCHON",96742,807,831,97.11,True
"Vincent PEILLON",28166,807,831,97.11,True
"Dario TAMBURRANO",124813,807,831,97.11,True
"Beatriz BECERRA BASTERRECHEA",125040,806,831,96.99,True
"Ulrike RODUST",93624,806,831,96.99,True
"Peter SIMON",96836,806,831,96.99,True
"József SZÁJER",23821,806,831,96.99,True
"Ignazio CORRAO",124856,805,831,96.87,True
"Monika HOHLMEIER",96780,805,831,96.87,True
"Notis MARIAS",125069,805,831,96.87,True
"Gabriel MATO",96936,805,831,96.87,True
"Flavio ZANONATO",124800,805,831,96.87,True
"José BLANCO LÓPEZ",125044,804,831,96.75,True
"Bogusław LIBERADZKI",23768,804,831,96.75,True
"Teresa JIMÉNEZ-BECERRIL BARRIO",96806,803,831,96.63,True
"Jean LAMBERT",4531,803,831,96.63,True
"Jeroen LENAERS",95074,803,831,96.63,True
"Luděk NIEDERMAYER",124701,803,831,96.63,True
"Joachim SCHUSTER",124837,803,831,96.63,True
"Yana TOOM",124700,803,831,96.63,True
"Tomáš ZDECHOVSKÝ",124713,803,831,96.63,True
"Elżbieta Katarzyna ŁUKACIJEWSKA",96791,803,831,96.63,True
"Francisco José MILLÁN MON",28400,802,831,96.51,True
"Neoklis SYLIKIOTIS",124689,802,831,96.51,True
"Jean ARTHUIS",124773,801,831,96.39,True
"Karima DELLI",96868,801,831,96.39,True
"Anneliese DODDS",124969,801,831,96.39,True
"Ernest MARAGALL",124933,801,831,96.39,True
"Anne-Marie MINEUR",125037,801,831,96.39,True
"Kathleen VAN BREMPT",5729,801,831,96.39,True
"Jadwiga WIŚNIEWSKA",124877,801,831,96.39,True
"Davor ŠKRLEC",124756,801,831,96.39,True
"Salvatore CICU",124854,800,831,96.27,True
"Lidia Joanna GERINGER de OEDENBERG",28377,800,831,96.27,True
"Alfred SANT",124781,800,831,96.27,True
"Simona BONAFÈ",124814,799,831,96.15,True
"Georgios EPITIDEIOS",125071,799,831,96.15,True
"Ingeborg GRÄSSLE",28220,799,831,96.15,True
"Mario BORGHEZIO",21817,798,831,96.03,True
"Enrico GASBARRA",124817,798,831,96.03,True
"Petra KAMMEREVERT",96837,798,831,96.03,True
"Andrey KOVATCHEV",97968,798,831,96.03,True
"Dennis de JONG",96748,798,831,96.03,True
"Jonathan ARNOTT",124958,797,831,95.91,True
"Michael GAHLER",2341,797,831,95.91,True
"Roberto GUALTIERI",96892,797,831,95.91,True
"Esther HERRANZ GARCÍA",22418,797,831,95.91,True
"Jörg LEICHTFRIED",28251,795,831,95.67,True
"Jens NILSSON",111024,795,831,95.67,True
"Krystyna ŁYBACKA",124883,795,831,95.67,True
"Verónica LOPE FONTAGNÉ",96765,794,831,95.55,True
"Stanislav POLČÁK",124704,794,831,95.55,True
"Burkhard BALZ",96997,793,831,95.43,True
"Mercedes BRESSO",28346,793,831,95.43,True
"Jacqueline FOSTER",4553,793,831,95.43,True
"Giulia MOI",124859,793,831,95.43,True
"Derek VAUGHAN",96918,793,831,95.43,True
"Charles GOERENS",840,792,831,95.31,True
"Jan KELLER",124695,792,831,95.31,True
"Roberta METSOLA",118859,792,831,95.31,True
"Alessandra MUSSOLINI",28429,792,831,95.31,True
"Frank ENGEL",96876,791,831,95.19,True
"Danuta Maria HÜBNER",96779,791,831,95.19,True
"Estefanía TORRES MARTÍNEZ",131749,291,306,95.10,True
"Pilar AYUSO",4319,790,831,95.07,True
"Arne GERICKE",124815,790,831,95.07,True
"Peter JAHR",96772,790,831,95.07,True
"Norbert LINS",124808,790,831,95.07,True
"Dominique RIQUET",96885,790,831,95.07,True
"Ruža TOMAŠIĆ",119431,790,831,95.07,True
"Vladimir URUTCHEV",38601,790,831,95.07,True
"Vilija BLINKEVIČIŪTĖ",96681,789,831,94.95,True
"Claude MORAES",4519,789,831,94.95,True
"Gilles PARGNEAUX",96948,789,831,94.95,True
"Therese COMODINI CACHIA",124968,788,831,94.83,True
"David McALLISTER",124806,788,831,94.83,True
"Norbert NEUSER",96844,788,831,94.83,True
"Marc TARABELLA",29579,788,831,94.83,True
"Malin BJÖRK",124992,787,831,94.71,True
"Stefan ECK",124863,787,831,94.71,True
"Jussi HALLA-AHO",124727,787,831,94.71,True
"György HÖLVÉNYI",124715,787,831,94.71,True
"Ska KELLER",96734,787,831,94.71,True
"Markus PIEPER",28224,787,831,94.71,True
"Maurice PONGA",96931,787,831,94.71,True
"Alain CADEC",96849,786,831,94.58,True
"Matt CARTHY",124986,786,831,94.58,True
"Agustín DÍAZ DE MERA GARCÍA CONSUEGRA",28397,786,831,94.58,True
"Rosa ESTARÀS FERRAGUT",96811,786,831,94.58,True
"Brice HORTEFEUX",5565,786,831,94.58,True
"Kaja KALLAS",124697,786,831,94.58,True
"György SCHÖPFLIN",28135,786,831,94.58,True
"Marju LAURISTIN",124698,785,831,94.46,True
"Branislav ŠKRIPEK",124927,785,831,94.46,True
"Hugues BAYET",125002,784,831,94.34,True
"Bas EICKHOUT",96725,784,831,94.34,True
"Elisabetta GARDINI",58758,784,831,94.34,True
"Theresa GRIFFIN",124961,784,831,94.34,True
"Helmut SCHOLZ",96646,784,831,94.34,True
"Sven SCHULZE",124809,784,831,94.34,True
"Evelyne GEBHARDT",1913,783,831,94.22,True
"Ulrike MÜLLER",124862,783,831,94.22,True
"Salvatore Domenico POGLIESE",124853,783,831,94.22,True
"Michaela ŠOJDROVÁ",124710,783,831,94.22,True
"Julie WARD",124963,782,831,94.10,True
"Paulo RANGEL",96903,781,831,93.98,True
"Isabelle THOMAS",114279,781,831,93.98,True
"Michał BONI",124896,780,831,93.86,True
"Damian DRĂGHICI",124786,780,831,93.86,True
"Neena GILL",4533,780,831,93.86,True
"Giovanni LA VIA",96816,780,831,93.86,True
"Sofia SAKORAFA",125091,780,831,93.86,True
"Claudiu Ciprian TĂNĂSESCU",96847,780,831,93.86,True
"Matthijs van MILTENBURG",125022,780,831,93.86,True
"Angel DZHAMBAZKI",124873,779,831,93.74,True
"Peter ERIKSSON",124937,779,831,93.74,True
"Paloma LÓPEZ BERMEJO",125047,779,831,93.74,True
"Jiří POSPÍŠIL",125706,779,831,93.74,True
"Kazimierz Michał UJAZDOWSKI",23791,779,831,93.74,True
"Nicolas BAY",124760,778,831,93.62,True
"Angelika MLINAR",125026,778,831,93.62,True
"Barbara SPINELLI",124810,778,831,93.62,True
"Deirdre CLUNE",124988,777,831,93.50,True
"Javi LÓPEZ",125042,777,831,93.50,True
"Dominique MARTIN",124751,777,831,93.50,True
"Emmanuel MAUREL",24505,777,831,93.50,True
"Jordi SEBASTIÀ",125053,777,831,93.50,True
"Josef WEIDENHOLZER",111014,777,831,93.50,True
"Hermann WINKLER",96764,777,831,93.50,True
"Igor ŠOLTES",125003,777,831,93.50,True
"Mark DEMESMAEKER",117477,776,831,93.38,True
"Ramón JÁUREGUI ATONDO",97078,776,831,93.38,True
"Barbara MATERA",96813,776,831,93.38,True
"Franck PROUST",108080,776,831,93.38,True
"Jana ŽITŇANSKÁ",124901,776,831,93.38,True
"Steeve BRIOIS",124757,775,831,93.26,True
"Daniel CASPARY",28219,775,831,93.26,True
"Ian DUNCAN",124960,775,831,93.26,True
"András GYÜRK",23816,775,831,93.26,True
"Fulvio MARTUSCIELLO",124828,775,831,93.26,True
"Davor Ivo STIER",119435,775,831,93.26,True
"Pavel SVOBODA",96272,775,831,93.26,True
"Eric ANDRIEU",113892,774,831,93.14,True
"Barbara KAPPEL",125024,774,831,93.14,True
"Werner LANGEN",1928,774,831,93.14,True
"Jerzy BUZEK",28269,773,831,93.02,True
"Michael CRAMER",28238,773,831,93.02,True
"Anneli JÄÄTTEENMÄKI",28314,773,831,93.02,True
"Marisa MATIAS",96820,773,831,93.02,True
"Andi CRISTEA",40224,772,831,92.90,True
"Georg MAYER",38511,772,831,92.90,True
"Victor NEGRESCU",88882,772,831,92.90,True
"Michel REIMON",124935,772,831,92.90,True
"Curzio MALTESE",125192,771,831,92.78,True
"Jiří MAŠTÁLKA",23704,771,831,92.78,True
"Inmaculada RODRÍGUEZ-PIÑERO FERNÁNDEZ",125043,771,831,92.78,True
"Bronis ROPĖ",125214,771,831,92.78,True
"Louis ALIOT",30190,770,831,92.66,True
"Lynn BOYLAN",124984,770,831,92.66,True
"Ismail ERTUG",96842,770,831,92.66,True
"Monika FLAŠÍKOVÁ BEŇOVÁ",23868,770,831,92.66,True
"Louis MICHEL",96670,770,831,92.66,True
"Henna VIRKKUNEN",124726,770,831,92.66,True
"Sandra KALNIETE",96934,769,831,92.54,True
"Zdzisław KRASNODĘBSKI",124891,769,831,92.54,True
"Csaba MOLNÁR",124722,769,831,92.54,True
"Morten Helveg PETERSEN",124872,769,831,92.54,True
"Michèle RIVASI",96743,769,831,92.54,True
"Bodil CEBALLOS",124993,768,831,92.42,True
"Marine LE PEN",28210,768,831,92.42,True
"Janusz LEWANDOWSKI",23781,768,831,92.42,True
"Tadeusz ZWIEFKA",28301,768,831,92.42,True
"Cora van NIEUWENHUIZEN",125019,768,831,92.42,True
"Ildikó GÁLL-PELCZ",102886,767,831,92.30,True
"James NICHOLSON",1318,767,831,92.30,True
"Algirdas SAUDARGAS",96696,767,831,92.30,True
"Lambert van NISTELROOIJ",28165,767,831,92.30,True
"Marina ALBIOL GUZMÁN",125048,766,831,92.18,True
"Guillaume BALAS",124744,766,831,92.18,True
"Gabrielius LANDSBERGIS",124759,766,831,92.18,True
"Tamás MESZERICS",124720,766,831,92.18,True
"Marcel de GRAAFF",125025,766,831,92.18,True
"Inés AYALA SENDER",28292,765,831,92.06,True
"Sabine LÖSING",96854,765,831,92.06,True
"Bernard MONOT",124761,765,831,92.06,True
"Judith SARGENTINI",96815,765,831,92.06,True
"Doru-Claudian FRUNZULICĂ",124790,764,831,91.94,True
"Francesc GAMBÚS",125006,764,831,91.94,True
"Sergio GUTIÉRREZ PRIETO",103488,764,831,91.94,True
"Kinga GÁL",28150,764,831,91.94,True
"António MARINHO E PINTO",124742,764,831,91.94,True
"Jan OLBRYCHT",28288,764,831,91.94,True
"Kati PIRI",37229,764,831,91.94,True
"Joachim STARBATTY",124827,764,831,91.94,True
"Ernest URTASUN",124972,764,831,91.94,True
"Martina WERNER",124826,764,831,91.94,True
"Rachida DATI",72775,763,831,91.82,True
"Gerben-Jan GERBRANDY",96940,763,831,91.82,True
"Iris HOFFMANN",124841,763,831,91.82,True
"Wim van de CAMP",96754,763,831,91.82,True
"Birgit COLLIN-LANGEN",112788,762,831,91.70,True
"Maria NOICHL",124836,762,831,91.70,True
"Alyn SMITH",28508,762,831,91.70,True
"Patrizia TOIA",28340,762,831,91.70,True
"István UJHELYI",124705,762,831,91.70,True
"Sampo TERHO",107385,522,570,91.58,False
"Pervenche BERÈS",1985,761,831,91.58,True
"Agnieszka KOZŁOWSKA-RAJEWICZ",124889,761,831,91.58,True
"Peter LIESE",1927,761,831,91.58,True
"Marietje SCHAAKE",96945,761,831,91.58,True
"Josep-Maria TERRICABRAS",124932,761,831,91.58,True
"Patricija ŠULIN",125103,761,831,91.58,True
"Amjad BASHIR",124956,760,831,91.46,True
"Jean-Luc SCHAFFHAUSER",124755,760,831,91.46,True
"Michael THEURER",96871,760,831,91.46,True
"Traian UNGUREANU",96835,760,831,91.46,True
"Nessa CHILDERS",96603,759,831,91.34,True
"Anna Elżbieta FOTYGA",28353,759,831,91.34,True
"Miapetra KUMPULA-NATRI",124735,759,831,91.34,True
"Momchil NEKOV",125013,759,831,91.34,True
"Virginie ROZIÈRE",103845,759,831,91.34,True
"Yannick JADOT",96740,757,831,91.10,True
"Eva JOLY",96883,757,831,91.10,True
"Kateřina KONEČNÁ",23699,757,831,91.10,True
"Johannes Cornelis van BAALEN",96937,757,831,91.10,True
"Miguel URBÁN CRESPO",131507,409,449,91.09,True
"Ivo BELET",28257,756,831,90.97,True
"Kostas CHRYSOGONOS",125061,756,831,90.97,True
"Matteo SALVINI",28404,756,831,90.97,True
"Richard SULÍK",124928,756,831,90.97,True
"Gabriele ZIMMER",28248,756,831,90.97,True
"Iliana IOTOVA",38605,755,831,90.85,True
"Marita ULVSKOG",96672,755,831,90.85,True
"Jakob von WEIZSÄCKER",124840,755,831,90.85,True
"Gianluca BUONANNO",124869,754,831,90.73,True
"Martin HÄUSLING",96752,754,831,90.73,True
"Sylvia-Yvonne KAUFMANN",1849,754,831,90.73,True
"Manolis KEFALOGIANNIS",125068,754,831,90.73,True
"Ioan Mircea PAȘCU",33984,754,831,90.73,True
"Marek JUREK",124892,753,831,90.61,True
"Philippe LOISEAU",125684,753,831,90.61,True
"József NAGY",124926,753,831,90.61,True
"Constanze KREHL",1854,752,831,90.49,True
"Martina MICHELS",120478,752,831,90.49,True
"Paolo DE CASTRO",96891,751,831,90.37,True
"Karol KARSKI",124887,751,831,90.37,True
"Patrick LE HYARIC",96735,751,831,90.37,True
"Rainer WIELAND",2323,751,831,90.37,True
"Esther de LANGE",38398,751,831,90.37,True
"Eleonora FORENZA",125193,750,831,90.25,True
"Ana GOMES",28306,750,831,90.25,True
"Enrique GUERRERO SALOM",96768,750,831,90.25,True
"Valentinas MAZURONIS",124768,750,831,90.25,True
"Ángela VALLINA",125050,750,831,90.25,True
"Tania GONZÁLEZ PEÑAS",127330,714,792,90.15,True
"Cornelia ERNST",96852,749,831,90.13,True
"Vicky FORD",96949,749,831,90.13,True
"Ilhan KYUCHYUK",124866,749,831,90.13,True
"Lola SÁNCHEZ CALDENTEY",125035,749,831,90.13,True
"Laura FERRARA",124833,748,831,90.01,True
"Morten MESSERSCHMIDT",96663,748,831,90.01,True
"Massimo PAOLUCCI",124849,748,831,90.01,True
"Eleni THEOCHAROUS",25704,748,831,90.01,True
"Anthea McINTYRE",111011,747,831,89.89,True
"Liliana RODRIGUES",125099,747,831,89.89,True
"Petri SARVAMAA",112611,747,831,89.89,True
"Ulrike TREBESIUS",124829,747,831,89.89,True
"Udo VOIGT",124832,747,831,89.89,True
"Axel VOSS",96761,746,831,89.77,True
"Marielle de SARNEZ",4335,746,831,89.77,True
"Julie GIRLING",96956,745,831,89.65,True
"Markus FERBER",1917,744,831,89.53,True
"Indrek TARAND",97136,744,831,89.53,True
"Elena VALENCIANO",4334,744,831,89.53,True
"Anna ZÁBORSKÁ",23894,744,831,89.53,True
"Soledad CABEZÓN RUIZ",125041,743,831,89.41,True
"Andrzej GRZYB",23785,743,831,89.41,True
"Alain LAMASSOURE",1204,743,831,89.41,True
"Louis-Joseph MANSCOUR",124725,743,831,89.41,True
"Miroslav MIKOLÁŠIK",28178,743,831,89.41,True
"Marit PAULSEN",4270,743,831,89.41,True
"Takis HADJIGEORGIOU",96907,742,831,89.29,True
"Clare MOODY",124944,742,831,89.29,True
"Linda McAVAN",2327,742,831,89.29,True
"Dimitrios PAPADIMOULIS",28586,742,831,89.29,True
"Tokia SAÏFI",4345,742,831,89.29,True
"Heidi HAUTALA",2054,741,831,89.17,True
"Mairead McGUINNESS",28115,741,831,89.17,True
"Claude TURMES",4432,740,831,89.05,True
"Lars ADAKTUSSON",124990,739,831,88.93,True
"Goffredo Maria BETTINI",124819,739,831,88.93,True
"Aymeric CHAUPRADE",124752,739,831,88.93,True
"Andrey NOVAKOV",107212,609,685,88.91,True
"Emilian PAVEL",129256,614,691,88.86,True
"João FERREIRA",96706,738,831,88.81,True
"Bas BELDER",4507,737,831,88.69,True
"Lara COMI",96775,737,831,88.69,True
"Jens GEIER",96833,737,831,88.69,True
"Michał MARUSIK",124894,737,831,88.69,True
"Maria João RODRIGUES",124737,736,831,88.57,True
"Janusz WOJCIECHOWSKI",23784,736,831,88.57,True
"Jan Philipp ALBRECHT",96736,735,831,88.45,True
"Silvia COSTA",96917,735,831,88.45,True
"Kashetu KYENGE",124801,735,831,88.45,True
"Alexander Graf LAMBSDORFF",28242,735,831,88.45,True
"Helga STEVENS",125105,735,831,88.45,True
"Mircea DIACONU",124805,733,831,88.21,True
"Maria HEUBUCH",124848,733,831,88.21,True
"Dawid Bohdan JACKIEWICZ",124882,733,831,88.21,True
"Marlene MIZZI",118858,733,831,88.21,True
"Dan NICA",124784,733,831,88.21,True
"Jill EVANS",4550,732,831,88.09,True
"Maria GRAPINI",124785,732,831,88.09,True
"Martina ANDERSON",113959,731,831,87.97,True
"Richard ASHWORTH",28132,731,831,87.97,True
"Jean-François JALKH",124770,731,831,87.97,True
"Michèle ALLIOT-MARIE",1179,730,831,87.85,True
"Hans-Olaf HENKEL",124823,730,831,87.85,True
"Antonio LÓPEZ-ISTÚRIZ WHITE",28399,730,831,87.85,True
"Nedzhmi ALI",34250,729,831,87.73,True
"Viorica DĂNCILĂ",95281,729,831,87.73,True
"Konstantinos PAPADAKIS",125093,729,831,87.73,True
"Soraya POST",124997,729,831,87.73,True
"Catherine STIHLER",4545,729,831,87.73,True
"Michel DANTIN",97296,728,831,87.61,True
"Giorgos GRAMMATIKAKIS",125112,728,831,87.61,True
"Joëlle MÉLIN",124765,728,831,87.61,True
"Mireille D'ORNANO",124750,727,831,87.48,True
"Bernd LANGE",1909,727,831,87.48,True
"Frédérique RIES",4253,727,831,87.48,True
"Syed KAMALL",33569,726,831,87.36,True
"Georgios KYRTSOS",125063,725,831,87.24,True
"Petr MACH",84175,725,831,87.24,True
"Peter van DALEN",96809,725,831,87.24,True
"Carlos JIMÉNEZ VILLAREJO",125034,34,39,87.18,False
"Knut FLECKENSTEIN",96840,724,831,87.12,True
"Beatrix von STORCH",124825,723,831,87.00,True
"Eva PAUNOVA",98341,720,831,86.64,True
"László TŐKÉS",39726,720,831,86.64,True
"Milan ZVER",96933,720,831,86.64,True
"Javier COUSO PERMUY",125997,718,831,86.40,True
"Tanja FAJON",96911,718,831,86.40,True
"Josu JUARISTI ABAUNZ",125051,718,831,86.40,True
"Jo LEINEN",4262,718,831,86.40,True
"Gianni PITTELLA",4436,718,831,86.40,True
"Boris ZALA",96656,717,831,86.28,True
"Ian HUDGHTON",2338,716,831,86.16,True
"Younous OMARJEE",30482,715,831,86.04,True
"Alberto CIRIO",124772,714,831,85.92,True
"Philippe LAMBERTS",96648,714,831,85.92,True
"Sotirios ZARIANOPOULOS",125090,713,831,85.80,True
"Bruno GOLLNISCH",1164,711,831,85.56,True
"Philippe JUVIN",96884,711,831,85.56,True
"Monika SMOLKOVÁ",96655,711,831,85.56,True
"Angelika NIEBLER",4289,709,831,85.32,True
"Enrique CALVET CHAMBON",129407,584,685,85.26,True
"Jaromír ŠTĚTINA",124702,708,831,85.20,True
"Eva KAILI",125109,706,831,84.96,True
"Christian EHLER",28226,705,831,84.84,True
"Gerolf ANNEMANS",124973,704,831,84.72,True
"Maria SPYRAKI",125064,704,831,84.72,True
"Dietmar KÖSTER",124822,702,831,84.48,True
"Alojz PETERLE",23693,701,831,84.36,True
"Reinhard BÜTIKOFER",96739,700,831,84.24,True
"David CAMPBELL BANNERMAN",96912,700,831,84.24,True
"Ricardo SERRÃO SANTOS",124741,700,831,84.24,True
"Steven WOOLFE",124966,700,831,84.24,True
"Mady DELVAUX",124776,699,831,84.12,True
"Zigmantas BALČYTIS",96680,698,831,84.00,True
"Kostadinka KUNEVA",125092,698,831,84.00,True
"Susanne MELIOR",124838,698,831,84.00,True
"Marie-Christine VERGIAT",96858,698,831,84.00,True
"Pilar del CASTILLO VERA",28390,698,831,84.00,True
"Richard HOWITT",2073,697,831,83.87,True
"Joachim ZELLER",96762,697,831,83.87,True
"Emmanouil GLEZOS",1654,696,831,83.75,True
"Marc JOULAUD",124728,696,831,83.75,True
"Renate SOMMER",4282,696,831,83.75,True
"Miroslav POCHE",124699,695,831,83.63,True
"David CASA",28122,694,831,83.51,True
"Werner KUHN",96767,694,831,83.51,True
"David BORRELLI",124796,692,831,83.27,True
"Antanas GUOGA",124763,691,831,83.15,True
"Demetris PAPADAKIS",124692,691,831,83.15,True
"Jill SEYMOUR",124950,691,831,83.15,True
"Helga TRÜPEL",28240,691,831,83.15,True
"Ádám KÓSA",96829,690,831,83.03,True
"Monica MACOVEI",96824,690,831,83.03,True
"Janice ATKINSON",124938,689,831,82.91,True
"Sander LOONES",128717,620,749,82.78,True
"Jørn DOHRMANN",124878,685,831,82.43,True
"Marian HARKIN",28116,681,831,81.95,True
"Manfred WEBER",28229,679,831,81.71,True
"Miltiadis KYRKOS",125113,678,831,81.59,True
"Juan Carlos GIRAUTA VIDAL",125052,676,831,81.35,True
"Renate WEBER",39713,676,831,81.35,True
"Costas MAVRIDES",124691,675,831,81.23,True
"Tonino PICULA",112744,675,831,81.23,True
"Kay SWINBURNE",96920,675,831,81.23,True
"Róża Gräfin von THUN UND HOHENSTEIN",96776,674,831,81.11,True
"Nikos ANDROULAKIS",125110,673,831,80.99,True
"Udo BULLMANN",4267,672,831,80.87,True
"Ulla TØRNÆS",124880,671,831,80.75,True
"Maria ARENA",124936,670,831,80.63,True
"Ramon TREMOSA i BALCELLS",97203,670,831,80.63,True
"Lefteris CHRISTOFOROU",26837,669,831,80.51,True
"Ramona Nicole MĂNESCU",39717,668,831,80.39,True
"Sergio Gaetano COFFERATI",96915,666,831,80.14,True
"Sven GIEGOLD",96730,665,831,80.02,True
"Hans JANSEN",125029,665,831,80.02,True
"Javier NART",125005,665,831,80.02,True
"Sylvie GOULARD",97137,662,831,79.66,True
"Rina Ronja KARI",122885,661,831,79.54,True
"Ryszard Antoni LEGUTKO",96796,661,831,79.54,True
"Pablo ZALBA BIDEGAIN",96763,661,831,79.54,True
"Juan Fernando LÓPEZ AGUILAR",96812,660,831,79.42,True
"David-Maria SASSOLI",96864,660,831,79.42,True
"Elmar BROK",1263,659,831,79.30,True
"Fabio DE MASI",124858,655,831,78.82,True
"Stelios KOULOGLOU",130833,393,500,78.60,True
"Karl-Heinz FLORENZ",1038,653,831,78.58,True
"Béla KOVÁCS",102887,653,831,78.58,True
"Godelieve QUISTHOUDT-ROWOHL",1055,650,831,78.22,True
"Georgi PIRINSKI",124855,648,831,77.98,True
"Georgios KATROUGKALOS",125062,258,331,77.95,False
"Birgit SIPPEL",96932,646,831,77.74,True
"Paul TANG",125020,644,831,77.50,True
"Theodoros ZAGORAKIS",125067,638,831,76.77,True
"Inese VAIDERE",28617,636,831,76.53,True
"Geoffrey VAN ORDEN",4513,636,831,76.53,True
"Max ANDERSSON",124994,635,831,76.41,True
"Sirpa PIETIKÄINEN",40599,634,831,76.29,True
"Viviane REDING",1185,633,831,76.17,True
"Daniela AIUTO",124842,632,831,76.05,True
"Florian PHILIPPOT",110977,631,831,75.93,True
"Paavo VÄYRYNEN",2128,631,831,75.93,True
"Andrzej DUDA",124899,614,831,73.89,True
"Barbara LOCHBIHLER",96728,613,831,73.77,True
"Robert ROCHEFORT",97022,613,831,73.77,True
"Andrea COZZOLINO",96880,611,831,73.53,True
"Jens ROHDE",96710,610,831,73.41,True
"Stanisław ŻÓŁTEK",124902,610,831,73.41,True
"Glenis WILLMOTT",35743,609,831,73.29,True
"Nils TORVALDS",114268,606,831,72.92,True
"Jean-Marie CAVADA",28206,605,831,72.80,True
"Raffaele FITTO",4465,604,831,72.68,True
"Maite PAGAZAURTUNDÚA RUIZ",125038,604,831,72.68,True
"Rolandas PAKSAS",96694,604,831,72.68,True
"Tomislav DONCHEV",124843,101,140,72.14,False
"Miloslav RANSDORF",23706,598,831,71.96,True
"Carlos ITURGAIZ",28398,589,831,70.88,True
"Timothy KIRKHOPE",4542,589,831,70.88,True
"Liadh NÍ RIADA",124987,589,831,70.88,True
"Tomasz Piotr PORĘBA",96801,585,831,70.40,True
"Eduard-Raul HELLVIG",37448,268,382,70.16,False
"John Stuart AGNEW",96897,578,831,69.55,True
"Czesław Adam SIEKIERSKI",23787,578,831,69.55,True
"Luke Ming FLANAGAN",124985,577,831,69.43,True
"Lorenzo CESA",28451,573,831,68.95,True
"Gunnar HÖKMARK",28124,571,831,68.71,True
"Cristian-Silviu BUȘOI",38420,565,831,67.99,True
"Nuno MELO",96978,564,831,67.87,True
"Anna Maria CORAZZA BILDT",96674,561,831,67.51,True
"Cătălin Sorin IVAN",96857,559,831,67.27,True
"Cláudia MONTEIRO DE AGUIAR",124734,557,831,67.03,True
"Daciana Octavia SÂRBU",33989,555,831,66.79,True
"James CARVER",124971,554,831,66.67,True
"Nirj DEVA",4556,548,831,65.94,True
"Renato SORU",124860,546,831,65.70,True
"Mihai ȚURCANU",131750,294,449,65.48,True
"Sajjad KARIM",28481,544,831,65.46,True
"Jacek SARYUSZ-WOLSKI",28297,543,831,65.34,True
"Roger HELMER",4516,534,831,64.26,True
"Christofer FJELLNER",28126,524,831,63.06,True
"Santiago FISAS AYXELÀ",96729,521,831,62.70,True
"Aldo PATRICIELLO",36392,521,831,62.70,True
"Dieter-Lebrecht KOCH",1852,517,831,62.21,True
"Nathan GILL",124965,516,831,62.09,True
"Guy VERHOFSTADT",97058,516,831,62.09,True
"Patrick O'FLYNN",124940,515,831,61.97,True
"Valdis DOMBROVSKIS",28618,86,140,61.43,False
"Mariya GABRIEL",96848,507,831,61.01,True
"Andrus ANSIP",124696,85,140,60.71,False
"Miguel ARIAS CAÑETE",1351,85,140,60.71,False
"Iveta GRIGULE",124745,501,831,60.29,True
"Louise BOURS",124964,500,831,60.17,True
"William (The Earl of) DARTMOUTH",96958,500,831,60.17,True
"Diane JAMES",124939,500,831,60.17,True
"Bendt BENDTSEN",96705,499,831,60.05,True
"Corina CREȚU",33997,83,140,59.29,False
"Diane DODDS",96951,489,831,58.84,True
"Krisztina MORVAI",96661,477,831,57.40,True
"Anna HEDH",28131,474,831,57.04,True
"Renaud MUSELIER",124729,474,831,57.04,True
"Rikke KARLSSON",124876,472,831,56.80,True
"Keith TAYLOR",102931,465,831,55.96,True
"Kerstin WESTPHAL",96839,465,831,55.96,True
"Alessandra MORETTI",124799,185,331,55.89,False
"Julia REID",106202,464,831,55.84,True
"Janusz KORWIN-MIKKE",124879,463,831,55.72,True
"Mike HOOKEM",124957,454,831,54.63,True
"Valdemar TOMAŠEVSKI",96697,448,831,53.91,True
"David COBURN",124967,447,831,53.79,True
"Tamás DEUTSCH",96826,447,831,53.79,True
"Annemie NEYTS-UYTTEBROECK",1946,153,285,53.68,False
"Isabella LÖVIN",96675,44,82,53.66,False
"Jytte GUTELAND",124991,437,831,52.59,True
"Antonio TAJANI",2187,425,831,51.14,True
"Bill ETHERIDGE",124951,417,831,50.18,True
"Gerard BATTEN",28497,408,831,49.10,True
"Johan VAN OVERTVELDT",125106,39,82,47.56,False
"Sergei STANISHEV",124852,389,831,46.81,True
"Roberts ZĪLE",28615,385,831,46.33,True
"Raymond FINCH",124941,382,831,45.97,True
"Margot PARKER",124945,373,831,44.89,True
"Viktor USPASKICH",96698,368,831,44.28,True
"Paul NUTTALL",96805,350,831,42.12,True
"Daniel HANNAN",4555,347,831,41.76,True
"Elissavet VOZEMBERG",125065,328,831,39.47,True
"Jane COLLINS",124955,326,831,39.23,True
"Tim AKER",99650,325,831,39.11,True
"Nigel FARAGE",4525,322,831,38.75,True
"Martin SONNEBORN",124834,311,831,37.42,True
"Christos STYLIANIDES",124688,50,140,35.71,False
"Giovanni TOTI",124764,288,831,34.66,True
"Marianne THYSSEN",1832,47,140,33.57,False
"Olli REHN",2119,180,570,31.58,False
"Jean-Marie LE PEN",1023,243,831,29.24,True
"Hannu TAKKULA",28316,236,831,28.40,True
"Nikolay BAREKOV",124871,206,831,24.79,True
"Louis IDE",125108,53,272,19.49,False
"Martin SCHULZ",1911,11,831,1.32,True
"Philip BRADBOURN",4540,1,285,0.35,False
"Brian CROWLEY",2109,0,831,0.00,True
"Thomas HÄNDEL",96851,0,831,0.00,True
