name,id,voted,votes,percent,active
"Emmanouil GLEZOS",1654,1004,963,104.26,False
"Pablo ECHENIQUE",125036,440,443,99.32,False
"Françoise GROSSETÊTE",2025,7589,7641,99.32,True
"Jens GIESEKE",124807,7579,7641,99.19,True
"Jérôme LAVRILLEUX",124731,7579,7641,99.19,True
"Cristian Dan PREDA",96838,7574,7641,99.12,True
"Anne SANDER",24594,7573,7641,99.11,True
"Bogdan Andrzej ZDROJEWSKI",124893,7571,7641,99.08,True
"Jordi SOLÉ",185974,2889,2916,99.07,True
"Petr JEŽEK",124707,7570,7641,99.07,True
"Renata BRIANO",124787,7567,7641,99.03,True
"Claude ROLIN",125107,7567,7641,99.03,True
"Pavel TELIČKA",124706,7566,7641,99.02,True
"Mara BIZZOTTO",97198,7565,7641,99.01,True
"Nicola CAPUTO",124851,7565,7641,99.01,True
"Nicola DANTI",124821,7564,7641,98.99,True
"Vladimír MAŇKA",28192,7563,7641,98.98,True
"Barbara SPINELLI",124810,7557,7641,98.90,True
"Massimiliano SALINI",125670,7553,7641,98.85,True
"Isabella DE MONTE",124803,7552,7641,98.84,True
"Bogdan Brunon WENTA",124903,7543,7641,98.72,True
"Edward CZESAK",132925,6663,6750,98.71,True
"Teresa RODRIGUEZ-RUBIO",125033,296,300,98.67,False
"Albert DESS",28228,7539,7641,98.67,True
"Svetoslav Hristov MALINOV",111027,7530,7641,98.55,True
"Czesław HOC",135540,5329,5409,98.52,True
"Ivan JAKOVČIĆ",124754,7519,7641,98.40,True
"Janusz ZEMKE",96784,7517,7641,98.38,True
"Michaela ŠOJDROVÁ",124710,7512,7641,98.31,True
"Claudia SCHMIDT",125016,7509,7641,98.27,True
"Christel SCHALDEMOSE",37312,7507,7641,98.25,True
"Beata GOSIEWSKA",124900,7506,7641,98.23,True
"Ernest MARAGALL",124933,4640,4725,98.20,False
"Sofia RIBEIRO",124733,7501,7641,98.17,True
"Sławomir KŁOSOWSKI",135541,5304,5409,98.06,True
"Julia PITERA",124898,7492,7641,98.05,True
"Adam SZEJNFELD",124890,7489,7641,98.01,True
"Jan HUITEMA",58789,7488,7641,98.00,True
"Matthijs van MILTENBURG",125022,7488,7641,98.00,True
"Tunne KELAM",28424,7485,7641,97.96,True
"Georges BACH",97293,7482,7641,97.92,True
"Eleonora EVI",124779,7481,7641,97.91,True
"Marco VALLI",124778,7478,7641,97.87,True
"Lieve WIERINCK",183022,4274,4368,97.85,True
"Dita CHARANZOVÁ",124708,7473,7641,97.80,True
"Elisabetta GARDINI",58758,7470,7641,97.76,True
"Tibor SZANYI",124703,7470,7641,97.76,True
"Karin KADENBACH",97014,7469,7641,97.75,True
"Elisabeth MORIN-CHARTIER",38596,7468,7641,97.74,True
"Sophia in 't VELD",28266,7467,7641,97.72,True
"Lidia Joanna GERINGER de OEDENBERG",28377,7465,7641,97.70,True
"Olle LUDVIGSSON",96673,7464,7641,97.68,True
"Carlos ZORRINHO",124739,7460,7641,97.63,True
"João PIMENTA LOPES",136236,5003,5125,97.62,True
"Stanisław OŻÓG",124897,7456,7641,97.58,True
"Mirosław PIOTROWSKI",28341,7453,7641,97.54,True
"Wajid KHAN",188624,2080,2134,97.47,True
"Evelyne GEBHARDT",1913,7446,7641,97.45,True
"Fernando MAURA BARANDIARÁN",125039,2005,2058,97.42,False
"Bart STAES",4751,7443,7641,97.41,True
"Piernicola PEDICINI",124844,7440,7641,97.37,True
"Dobromir SOŚNIERZ",192298,654,672,97.32,True
"Seán KELLY",96668,7435,7641,97.30,True
"Tatjana ŽDANOKA",28619,6540,6726,97.23,False
"Dominique BILDE",124771,7428,7641,97.21,True
"Claudia ȚAPARDEL",124793,7428,7641,97.21,True
"Arndt KOHN",186884,2578,2652,97.21,True
"Herbert DORFMANN",96787,7425,7641,97.17,True
"Thomas MANN",1922,7425,7641,97.17,True
"Vilija BLINKEVIČIŪTĖ",96681,7422,7641,97.13,True
"Ivan ŠTEFANEC",124929,7422,7641,97.13,True
"Maria GRAPINI",124785,7421,7641,97.12,True
"Lucy ANDERSON",124949,7419,7641,97.09,True
"Doru-Claudian FRUNZULICĂ",124790,7416,7641,97.06,True
"Pedro SILVA PEREIRA",124747,7405,7641,96.91,True
"Florent MARCELLESI",26146,3418,3527,96.91,True
"Vladimir URUTCHEV",38601,7401,7641,96.86,True
"Marijana PETIR",124749,7400,7641,96.85,True
"Stanislav POLČÁK",124704,7399,7641,96.83,True
"Brando BENIFEI",124867,7398,7641,96.82,True
"Peter JAHR",96772,7397,7641,96.81,True
"José BLANCO LÓPEZ",125044,7396,7641,96.79,True
"Tania GONZÁLEZ PEÑAS",127330,7390,7641,96.72,True
"Evelyn REGNER",96998,7390,7641,96.72,True
"Pablo IGLESIAS",125031,1589,1643,96.71,False
"Julie WARD",124963,7388,7641,96.69,True
"Roberto GUALTIERI",96892,7387,7641,96.68,True
"Luděk NIEDERMAYER",124701,7387,7641,96.68,True
"Theodor Dumitru STOLOJAN",39721,7387,7641,96.68,True
"Liisa JAAKONSAARI",96684,7382,7641,96.61,True
"Gianluca BUONANNO",124869,3287,3403,96.59,False
"Paul RÜBIG",2278,7378,7641,96.56,True
"Helga STEVENS",125105,7377,7641,96.54,True
"Branislav ŠKRIPEK",124927,7377,7641,96.54,True
"Daniel BUDA",125012,7370,7641,96.45,True
"Edouard MARTIN",124947,7369,7641,96.44,True
"Stefan ECK",124863,7365,7641,96.39,True
"Derek VAUGHAN",96918,7363,7641,96.36,True
"Bronis ROPĖ",125214,7362,7641,96.35,True
"Julia REDA",124816,7359,7641,96.31,True
"Krzysztof HETMAN",124895,7356,7641,96.27,True
"Norbert NEUSER",96844,7353,7641,96.23,True
"Beatriz BECERRA BASTERRECHEA",125040,7350,7641,96.19,True
"Elly SCHLEIN",124804,7350,7641,96.19,True
"Luigi MORGANO",124788,7348,7641,96.17,True
"Romeo FRANZ",193273,150,156,96.15,True
"Caroline NAGTEGAAL",190519,1472,1531,96.15,True
"Guillaume BALAS",124744,7342,7641,96.09,True
"Pavel POC",96715,7339,7641,96.05,True
"Xabier BENITO ZILUAGA",135490,5337,5557,96.04,True
"Charles TANNOCK",4521,7338,7641,96.03,True
"Herbert REUL",28225,5397,5620,96.03,False
"Pascal ARIMONT",24922,7337,7641,96.02,True
"Damiano ZOFFOLI",131051,7048,7341,96.01,True
"Pascal DURAND",124693,7334,7641,95.98,True
"Lampros FOUNTOULIS",125070,7334,7641,95.98,True
"Angélique DELAHAYE",124732,7333,7641,95.97,True
"Karima DELLI",96868,7333,7641,95.97,True
"György SCHÖPFLIN",28135,7333,7641,95.97,True
"Kazimierz Michał UJAZDOWSKI",23791,7330,7641,95.93,True
"Bodil VALERO",124993,7329,7641,95.92,True
"Martina DLABAJOVÁ",124709,7328,7641,95.90,True
"Danuta JAZŁOWIECKA",96781,7322,7641,95.83,True
"Christine REVAULT D'ALLONNES BONNEFOY",124287,7320,7641,95.80,True
"Igor ŠOLTES",125003,7320,7641,95.80,True
"Evžen TOŠENOVSKÝ",96713,7315,7641,95.73,True
"Michael DETJEN",190799,1186,1239,95.72,True
"Ska KELLER",96734,7313,7641,95.71,True
"Jasenko SELIMOVIC",134243,5848,6112,95.68,True
"Hugues BAYET",125002,7309,7641,95.66,True
"Tomáš ZDECHOVSKÝ",124713,7308,7641,95.64,True
"Anja HAZEKAMP",125023,7306,7641,95.62,True
"Zbigniew KUŹMIUK",28389,7306,7641,95.62,True
"Lorenzo FONTANA",96993,6661,6969,95.58,False
"Isabella ADINOLFI",124831,7303,7641,95.58,True
"Flavio ZANONATO",124800,7302,7641,95.56,True
"Andor DELI",124714,7300,7641,95.54,True
"Ingeborg GRÄSSLE",28220,7297,7641,95.50,True
"Michela GIUFFRIDA",124864,7296,7641,95.48,True
"Michel REIMON",124935,7295,7641,95.47,True
"Mylène TROSZCZYNSKI",124758,7292,7641,95.43,True
"Angel DZHAMBAZKI",124873,7290,7641,95.41,True
"Zoltán BALCZÓ",96877,7287,7641,95.37,True
"Daniele VIOTTI",124791,7287,7641,95.37,True
"Marc TARABELLA",29579,7282,7641,95.30,True
"Ulrike MÜLLER",124862,7281,7641,95.29,True
"Nathalie GRIESBECK",28208,7279,7641,95.26,True
"Andrejs MAMIKINS",124746,7278,7641,95.25,True
"Ricardo SERRÃO SANTOS",124741,7277,7641,95.24,True
"Momchil NEKOV",125013,7276,7641,95.22,True
"Gérard DEPREZ",1473,7275,7641,95.21,True
"Esteban GONZÁLEZ PONS",125027,7271,7641,95.16,True
"Seb DANCE",124952,7270,7641,95.14,True
"Barbara KAPPEL",125024,7269,7641,95.13,True
"Petras AUŠTREVIČIUS",124766,7268,7641,95.12,True
"Tokia SAÏFI",4345,7268,7641,95.12,True
"Jussi HALLA-AHO",124727,7267,7641,95.11,True
"Marie-Christine ARNAUTU",124748,7266,7641,95.09,True
"Tiemo WÖLKEN",185619,3134,3296,95.08,True
"Clara Eugenia AGUILERA GARCÍA",125045,7265,7641,95.08,True
"Mary HONEYBALL",5846,7263,7641,95.05,True
"Andrea BOCSKOR",124712,7261,7641,95.03,True
"Siegfried MUREŞAN",124802,7260,7641,95.01,True
"Ramón Luis VALCÁRCEL SISO",125032,7260,7641,95.01,True
"Karoline GRASWANDER-HAINZ",133316,6191,6517,95.00,True
"Othmar KARAS",4246,7256,7641,94.96,True
"Markus PIEPER",28224,7255,7641,94.95,True
"Neoklis SYLIKIOTIS",124689,7247,7641,94.84,True
"Joachim ZELLER",96762,7247,7641,94.84,True
"Miguel URBÁN CRESPO",131507,6962,7341,94.84,True
"Ivana MALETIĆ",119436,7246,7641,94.83,True
"Carlos COELHO",1892,7245,7641,94.82,True
"Kosma ZŁOTOWSKI",124884,7245,7641,94.82,True
"Marian-Jean MARINESCU",33982,7239,7641,94.74,True
"Robert Jarosław IWASZKIEWICZ",124886,7237,7641,94.71,True
"Susanne MELIOR",124838,7236,7641,94.70,True
"Luke Ming FLANAGAN",124985,7234,7641,94.67,True
"Eider GARDIAZABAL RUBIAL",96991,7233,7641,94.66,True
"Norbert ERDŐS",124711,7231,7641,94.63,True
"Alfred SANT",124781,7229,7641,94.61,True
"Malin BJÖRK",124992,7228,7641,94.59,True
"Liliana RODRIGUES",125099,7228,7641,94.59,True
"Peter KOUROUMBASHEV",124857,2758,2916,94.58,True
"Valentinas MAZURONIS",124768,7225,7641,94.56,True
"Gabriele PREUSS",124888,7225,7641,94.56,True
"Dominique RIQUET",96885,7224,7641,94.54,True
"Patricija ŠULIN",125103,7222,7641,94.52,True
"Jeppe KOFOD",124870,7220,7641,94.49,True
"Marek PLURA",124881,7220,7641,94.49,True
"Angelika NIEBLER",4289,7216,7641,94.44,True
"Alain CADEC",96849,7215,7641,94.42,True
"Isabelle THOMAS",114279,7214,7641,94.41,True
"Jarosław WAŁĘSA",96774,7213,7641,94.40,True
"António MARINHO E PINTO",124742,7212,7641,94.39,True
"Anna ZÁBORSKÁ",23894,7212,7641,94.39,True
"Jonás FERNÁNDEZ",125046,7211,7641,94.37,True
"Jonathan ARNOTT",124958,7209,7641,94.35,True
"Lukas MANDL",190713,1351,1432,94.34,True
"Enrique CALVET CHAMBON",129407,7145,7577,94.30,True
"Rainer WIELAND",2323,7204,7641,94.28,True
"Elisabeth KÖSTINGER",96882,5758,6108,94.27,False
"Tom VANDENKENDELAERE",129164,7147,7583,94.25,True
"José Inácio FARIA",125101,7199,7641,94.22,True
"Monika VANA",124934,7198,7641,94.20,True
"Alain LAMASSOURE",1204,7196,7641,94.18,True
"Gilles LEBRETON",124738,7195,7641,94.16,True
"Andrey KOVATCHEV",97968,7194,7641,94.15,True
"Dominique MARTIN",124751,7193,7641,94.14,True
"Davor ŠKRLEC",124756,7193,7641,94.14,True
"Norica NICOLAI",96825,7189,7641,94.08,True
"Ramón JÁUREGUI ATONDO",97078,7188,7641,94.07,True
"Norbert LINS",124808,7185,7641,94.03,True
"Aymeric CHAUPRADE",124752,7184,7641,94.02,True
"Petra KAMMEREVERT",96837,7184,7641,94.02,True
"Anneleen VAN BOSSUYT",117491,6992,7438,94.00,True
"Salvatore CICU",124854,7181,7641,93.98,True
"Ignazio CORRAO",124856,7181,7641,93.98,True
"Merja KYLLÖNEN",124736,7181,7641,93.98,True
"József NAGY",124926,7178,7641,93.94,True
"Lambert van NISTELROOIJ",28165,7177,7641,93.93,True
"Danuta Maria HÜBNER",96779,7175,7641,93.90,True
"Georgios EPITIDEIOS",125071,7169,7641,93.82,True
"Francesc GAMBÚS",125006,7169,7641,93.82,True
"Sampo TERHO",107385,440,469,93.82,False
"Adam GIEREK",28379,7168,7641,93.81,True
"Ivo VAJGL",97019,7167,7641,93.80,True
"Arnaud DANJEAN",96747,7166,7641,93.78,True
"Filiz HYUSMENOVA",34249,7166,7641,93.78,True
"Laura FERRARA",124833,7162,7641,93.73,True
"Heinz K. BECKER",107041,7161,7641,93.72,True
"Sven SCHULZE",124809,7161,7641,93.72,True
"Notis MARIAS",125069,7157,7641,93.67,True
"Geoffroy DIDIER",190774,1314,1403,93.66,True
"Jadwiga WIŚNIEWSKA",124877,7156,7641,93.65,True
"Sylvie GUILLAUME",96952,7155,7641,93.64,True
"Louis MICHEL",96670,7154,7641,93.63,True
"Marian HARKIN",28116,7151,7641,93.59,True
"Marielle de SARNEZ",4335,5031,5376,93.58,False
"Gesine MEISSNER",96870,7147,7641,93.53,True
"Judith SARGENTINI",96815,7147,7641,93.53,True
"Arne LIETZ",124839,7146,7641,93.52,True
"Victor NEGRESCU",88882,5150,5507,93.52,False
"Zdzisław KRASNODĘBSKI",124891,7145,7641,93.51,True
"Andreas SCHWAB",28223,7145,7641,93.51,True
"Jozo RADOŠ",112753,7141,7641,93.46,True
"Aleksander GABELIC",192465,628,672,93.45,True
"Bolesław G. PIECHA",124874,7139,7641,93.43,True
"Olga SEHNALOVÁ",96718,7139,7641,93.43,True
"Marlene MIZZI",118858,7134,7641,93.36,True
"Franc BOGOVIČ",125004,7131,7641,93.33,True
"Giuseppe FERRANDINO",192634,626,671,93.29,True
"Ashley FOX",96957,7128,7641,93.29,True
"Biljana BORZAN",112748,7127,7641,93.27,True
"Terry REINTKE",103381,7127,7641,93.27,True
"Fabio Massimo CASTALDO",124812,7126,7641,93.26,True
"Mario BORGHEZIO",21817,7125,7641,93.25,True
"Martin SCHIRDEWAN",190517,1429,1533,93.22,True
"Jeroen LENAERS",95074,7122,7641,93.21,True
"Nessa CHILDERS",96603,7117,7641,93.14,True
"Philippe LOISEAU",125684,7116,7641,93.13,True
"Tomislav DONCHEV",124843,54,58,93.10,False
"Romana TOMC",125104,7114,7641,93.10,True
"Dubravka ŠUICA",119434,7114,7641,93.10,True
"Michèle ALLIOT-MARIE",1179,7113,7641,93.09,True
"Harald VILIMSKY",125001,7113,7641,93.09,True
"Daniel CASPARY",28219,7110,7641,93.05,True
"Lola SÁNCHEZ CALDENTEY",125035,7108,7641,93.02,True
"Eugen FREUND",125018,7106,7641,93.00,True
"Csaba SÓGOR",39724,7105,7641,92.99,True
"Miguel VIEGAS",125100,7105,7641,92.99,True
"Therese COMODINI CACHIA",124968,5120,5507,92.97,False
"Lefteris CHRISTOFOROU",26837,7104,7641,92.97,True
"Monica MACOVEI",96824,7103,7641,92.96,True
"José Manuel FERNANDES",96899,7101,7641,92.93,True
"Benedek JÁVOR",124721,7100,7641,92.92,True
"David CASA",28122,7099,7641,92.91,True
"Thomas WAITZ",190464,1424,1533,92.89,True
"Victor BOŞTINARU",39711,7097,7641,92.88,True
"Maria Lidia SENRA RODRÍGUEZ",125049,7097,7641,92.88,True
"Franz OBERMAYR",96981,7093,7641,92.83,True
"Bernd LUCKE",124820,7092,7641,92.82,True
"Agnes JONGERIUS",125021,7090,7641,92.79,True
"Jean-Luc SCHAFFHAUSER",124755,7090,7641,92.79,True
"Molly SCOTT CATO",124942,7087,7641,92.75,True
"Kristina WINBERG",124995,7086,7641,92.74,True
"Georg MAYER",38511,7084,7641,92.71,True
"Klaus BUCHNER",124818,7083,7641,92.70,True
"Richard CORBETT",2309,7082,7641,92.68,True
"Jakob von WEIZSÄCKER",124840,7081,7641,92.67,True
"Theresa GRIFFIN",124961,7079,7641,92.64,True
"Karine GLOANEC MAURIN",193080,188,203,92.61,True
"Philippe DE BACKER",109337,3031,3273,92.61,False
"Soledad CABEZÓN RUIZ",125041,7076,7641,92.61,True
"Maria NOICHL",124836,7076,7641,92.61,True
"Brian HAYES",118658,7075,7641,92.59,True
"Peter SIMON",96836,7074,7641,92.58,True
"André ELISSEN",188445,2031,2194,92.57,True
"Inés AYALA SENDER",28292,7073,7641,92.57,True
"Pál CSÁKY",124930,7073,7641,92.57,True
"Kaja KALLAS",124697,7073,7641,92.57,True
"Roberta METSOLA",118859,7072,7641,92.55,True
"Paul BRANNEN",124954,7068,7641,92.50,True
"Daniela AIUTO",124842,7067,7641,92.49,True
"Axel VOSS",96761,7067,7641,92.49,True
"Francisco José MILLÁN MON",28400,7065,7641,92.46,True
"Miriam DALLI",124970,7064,7641,92.45,True
"Giulia MOI",124859,7063,7641,92.44,True
"Ruža TOMAŠIĆ",119431,7063,7641,92.44,True
"Peter ERIKSSON",124937,3088,3341,92.43,False
"Francisco ASSIS",28307,7061,7641,92.41,True
"Ulrike RODUST",93624,7061,7641,92.41,True
"John HOWARTH",188636,1972,2134,92.41,True
"Franck PROUST",108080,7060,7641,92.40,True
"Hilde VAUTMANS",130100,6870,7438,92.36,True
"Jaromír ŠTĚTINA",124702,7056,7641,92.34,True
"Jan OLBRYCHT",28288,7053,7641,92.30,True
"Ernest URTASUN",124972,7053,7641,92.30,True
"Matt CARTHY",124986,7050,7641,92.27,True
"Maite PAGAZAURTUNDÚA RUIZ",125038,7050,7641,92.27,True
"Izaskun BILBAO BARANDICA",96922,7045,7641,92.20,True
"Barbara KUDRYCKA",28284,7044,7641,92.19,True
"Jean LAMBERT",4531,7043,7641,92.17,True
"Eric ANDRIEU",113892,7042,7641,92.16,True
"Jonathan BULLOCK",188733,1830,1986,92.15,True
"Emmanuel MAUREL",24505,7038,7641,92.11,True
"Milan ZVER",96933,7037,7641,92.10,True
"Ana GOMES",28306,7035,7641,92.07,True
"Inês Cristina ZUBER",111589,2316,2516,92.05,False
"Krišjānis KARIŅŠ",96901,7033,7641,92.04,True
"Jean-Paul DENANOT",94282,6845,7438,92.03,False
"Jan Philipp ALBRECHT",96736,6887,7484,92.02,False
"Michael GAHLER",2341,7031,7641,92.02,True
"Jan KELLER",124695,7030,7641,92.00,True
"Sylvia-Yvonne KAUFMANN",1849,7029,7641,91.99,True
"Heidi HAUTALA",2054,7028,7641,91.98,True
"Péter NIEDERMÜLLER",124723,7028,7641,91.98,True
"Ulrike LUNACEK",97017,5616,6108,91.94,False
"Tadeusz ZWIEFKA",28301,7024,7641,91.93,True
"Curzio MALTESE",125192,7022,7641,91.90,True
"Simona BONAFÈ",124814,7020,7641,91.87,True
"Agnieszka KOZŁOWSKA-RAJEWICZ",124889,7017,7641,91.83,True
"Pier Antonio PANZERI",28365,7016,7641,91.82,True
"Dariusz ROSATI",28394,7013,7641,91.78,True
"Remo SERNAGIOTTO",124794,7012,7641,91.77,True
"Costas MAVRIDES",124691,7007,7641,91.70,True
"Deirdre CLUNE",124988,7004,7641,91.66,True
"Ismail ERTUG",96842,7002,7641,91.64,True
"Frédérique RIES",4253,7001,7641,91.62,True
"Jerzy BUZEK",28269,6998,7641,91.58,True
"Sabine VERHEYEN",96756,6998,7641,91.58,True
"Monika SMOLKOVÁ",96655,6997,7641,91.57,True
"Sofia SAKORAFA",125091,6994,7641,91.53,True
"József SZÁJER",23821,6991,7641,91.49,True
"Traian UNGUREANU",96835,6991,7641,91.49,True
"Nadine MORANO",72779,6990,7641,91.48,True
"Siôn SIMON",124948,6985,7641,91.41,True
"Mark DEMESMAEKER",117477,6984,7641,91.40,True
"Antonio LÓPEZ-ISTÚRIZ WHITE",28399,6984,7641,91.40,True
"Janusz LEWANDOWSKI",23781,6981,7641,91.36,True
"Josef WEIDENHOLZER",111014,6980,7641,91.35,True
"Daniel DALTON",35135,6794,7438,91.34,True
"Miroslav MIKOLÁŠIK",28178,6978,7641,91.32,True
"Peter LUNDGREN",124996,6975,7641,91.28,True
"Michel DANTIN",97296,6974,7641,91.27,True
"Iratxe GARCÍA PÉREZ",28298,6974,7641,91.27,True
"Francis ZAMMIT DIMECH",188906,1947,2134,91.24,True
"Yannick JADOT",96740,6969,7641,91.21,True
"Steeve BRIOIS",124757,6966,7641,91.17,True
"Cora van NIEUWENHUIZEN",125019,5427,5953,91.16,False
"Miroslavs MITROFANOVS",191695,834,915,91.15,True
"Mireille D'ORNANO",124750,6961,7641,91.10,True
"Maria ARENA",124936,6960,7641,91.09,True
"Wim van de CAMP",96754,6960,7641,91.09,True
"Tilly METZ",193292,143,157,91.08,True
"Bas EICKHOUT",96725,6958,7641,91.06,True
"Fredrick FEDERLEY",124989,6958,7641,91.06,True
"Marju LAURISTIN",124698,5562,6108,91.06,False
"Andrey NOVAKOV",107212,6899,7577,91.05,True
"Rupert MATTHEWS",188622,1943,2134,91.05,True
"Mihai ŢURCANU",131750,6683,7341,91.04,True
"Olaf STUGER",125028,6954,7641,91.01,True
"Caterina CHINNICI",124861,6952,7641,90.98,True
"Jens GEIER",96833,6950,7641,90.96,True
"Claudiu Ciprian TĂNĂSESCU",96847,6949,7641,90.94,True
"María Teresa GIMÉNEZ BARBAT",135491,5053,5557,90.93,True
"Javier COUSO PERMUY",125997,6946,7641,90.90,True
"Monika HOHLMEIER",96780,6946,7641,90.90,True
"Ivica TOLIĆ",185340,3206,3527,90.90,True
"Jakop DALUNDE",183338,3850,4237,90.87,True
"Eduard KUKAN",96651,6941,7641,90.84,True
"Afzal KHAN",124962,4947,5447,90.82,False
"Jean ARTHUIS",124773,6939,7641,90.81,True
"Neena GILL",4533,6936,7641,90.77,True
"Sophie MONTEL",124769,6936,7641,90.77,True
"Elżbieta Katarzyna ŁUKACIJEWSKA",96791,6936,7641,90.77,True
"Charles GOERENS",840,6935,7641,90.76,True
"Jean-Marie CAVADA",28206,6934,7641,90.75,True
"David MARTIN",1403,6934,7641,90.75,True
"Fernando RUAS",124730,6934,7641,90.75,True
"Anders Primdahl VISTISEN",124875,6933,7641,90.73,True
"Sandra KALNIETE",96934,6932,7641,90.72,True
"Gilles PARGNEAUX",96948,6932,7641,90.72,True
"Alex MAYER",185637,2989,3296,90.69,True
"Joachim STARBATTY",124827,6929,7641,90.68,True
"Marco ZULLO",125237,6929,7641,90.68,True
"Martin HÄUSLING",96752,6924,7641,90.62,True
"Peter LIESE",1927,6924,7641,90.62,True
"Takis HADJIGEORGIOU",96907,6922,7641,90.59,True
"Miltiadis KYRKOS",125113,6921,7641,90.58,True
"Helmut SCHOLZ",96646,6921,7641,90.58,True
"Stelios KOULOGLOU",130833,6695,7392,90.57,True
"Carlos ITURGAIZ",28398,6919,7641,90.55,True
"Marco ZANNI",124780,6919,7641,90.55,True
"Elisa FERREIRA",28308,3206,3544,90.46,False
"Mady DELVAUX",124776,6910,7641,90.43,True
"Birgit COLLIN-LANGEN",112788,6906,7641,90.38,True
"Peter van DALEN",96809,6905,7641,90.37,True
"Marietje SCHAAKE",96945,6897,7641,90.26,True
"Morten Helveg PETERSEN",124872,6892,7641,90.20,True
"Hans-Olaf HENKEL",124823,6889,7641,90.16,True
"Gabriele ZIMMER",28248,6885,7641,90.11,True
"Rosa D'AMATO",124835,6883,7641,90.08,True
"Nedzhmi ALI",34250,6881,7641,90.05,True
"Annie SCHREIJER-PIERIK",125030,6879,7641,90.03,True
"Martina WERNER",124826,6879,7641,90.03,True
"Max ANDERSSON",124994,6878,7641,90.01,True
"Jutta STEINRUCK",96831,5762,6402,90.00,False
"Andrea COZZOLINO",96880,6873,7641,89.95,True
"José BOVÉ",96744,6871,7641,89.92,True
"Pavel SVOBODA",96272,6871,7641,89.92,True
"Marco AFFRONTE",124797,6869,7641,89.90,True
"Kathleen VAN BREMPT",5729,6869,7641,89.90,True
"France JAMET",189065,1785,1986,89.88,True
"Angelika MLINAR",125026,6866,7641,89.86,True
"Patrizia TOIA",28340,6864,7641,89.83,True
"Kostas CHRYSOGONOS",125061,6859,7641,89.77,True
"Werner LANGEN",1928,6857,7641,89.74,True
"Philippe LAMBERTS",96648,6856,7641,89.73,True
"Gerolf ANNEMANS",124973,6854,7641,89.70,True
"Alberto CIRIO",124772,6853,7641,89.69,True
"Cornelia ERNST",96852,6853,7641,89.69,True
"Bas BELDER",4507,6848,7641,89.62,True
"Vincent PEILLON",28166,6845,7641,89.58,True
"Dennis de JONG",96748,6845,7641,89.58,True
"Eleftherios SYNADINOS",125072,6842,7641,89.54,True
"Barbara LOCHBIHLER",96728,6837,7641,89.48,True
"Dimitrios PAPADIMOULIS",28586,6837,7641,89.48,True
"Anneli JÄÄTTEENMÄKI",28314,6834,7641,89.44,True
"Dennis RADTKE",188945,1776,1986,89.43,True
"Jo LEINEN",4262,6832,7641,89.41,True
"Esther de LANGE",38398,6829,7641,89.37,True
"Reimer BÖGE",1037,6826,7641,89.33,True
"Miapetra KUMPULA-NATRI",124735,6826,7641,89.33,True
"Arne GERICKE",124815,6823,7641,89.29,True
"Richard ASHWORTH",28132,6815,7641,89.19,True
"Monika BEŇOVÁ",23868,6815,7641,89.19,True
"Csaba MOLNÁR",124722,6815,7641,89.19,True
"Josep-Maria TERRICABRAS",124932,6814,7641,89.18,True
"Cecilia WIKSTRÖM",96677,6814,7641,89.18,True
"Silvia COSTA",96917,6813,7641,89.16,True
"John Stuart AGNEW",96897,6812,7641,89.15,True
"Sylvie GODDYN",21331,6811,7641,89.14,True
"Janusz KORWIN-MIKKE",124879,5879,6601,89.06,False
"Tiziana BEGHIN",124777,6805,7641,89.06,True
"Maria HEUBUCH",124848,6803,7641,89.03,True
"Soraya POST",124997,6803,7641,89.03,True
"Nikos ANDROULAKIS",125110,6801,7641,89.01,True
"Pervenche BERÈS",1985,6800,7641,88.99,True
"Jörg MEUTHEN",190518,1364,1533,88.98,True
"Tonino PICULA",112744,6795,7641,88.93,True
"Manfred WEBER",28229,6793,7641,88.90,True
"Elena GENTILE",124847,6791,7641,88.88,True
"Dario TAMBURRANO",124813,6788,7641,88.84,True
"Mairead McGUINNESS",28115,6787,7641,88.82,True
"Karol KARSKI",124887,6784,7641,88.78,True
"Gabrielius LANDSBERGIS",124759,2919,3290,88.72,False
"Marie-Christine BOUTONNET",124753,6779,7641,88.72,True
"Estefanía TORRES MARTÍNEZ",131749,6385,7198,88.71,True
"Jill EVANS",4550,6774,7641,88.65,True
"Cécile Kashetu KYENGE",124801,6773,7641,88.64,True
"Bernard MONOT",124761,6767,7641,88.56,True
"Ilhan KYUCHYUK",124866,6766,7641,88.55,True
"Michael CRAMER",28238,6763,7641,88.51,True
"Jørn DOHRMANN",124878,6763,7641,88.51,True
"Sabine LÖSING",96854,6758,7641,88.44,True
"Henna VIRKKUNEN",124726,6758,7641,88.44,True
"Ramon TREMOSA i BALCELLS",97203,6756,7641,88.42,True
"Ryszard CZARNECKI",28372,6755,7641,88.40,True
"Ivo BELET",28257,6754,7641,88.39,True
"Marie-Christine VERGIAT",96858,6753,7641,88.38,True
"Dieter-Lebrecht KOCH",1852,6750,7641,88.34,True
"Bernd KÖLMEL",124824,6750,7641,88.34,True
"Ildikó GÁLL-PELCZ",102886,4995,5655,88.33,False
"Josu JUARISTI ABAUNZ",125051,5825,6599,88.27,False
"Emilian PAVEL",129256,6690,7583,88.22,True
"Mercedes BRESSO",28346,6740,7641,88.21,True
"Sven GIEGOLD",96730,6740,7641,88.21,True
"Jacques COLOMBIER",191510,987,1120,88.12,True
"Jörg LEICHTFRIED",28251,801,909,88.12,False
"Sorin MOISĂ",124789,6724,7641,88.00,True
"Giovanni LA VIA",96816,6720,7641,87.95,True
"Ádám KÓSA",96829,6716,7641,87.89,True
"Anna Elżbieta FOTYGA",28353,6713,7641,87.85,True
"Udo BULLMANN",4267,6712,7641,87.84,True
"David McALLISTER",124806,6710,7641,87.82,True
"Richard SULÍK",124928,6710,7641,87.82,True
"Inmaculada RODRÍGUEZ-PIÑERO FERNÁNDEZ",125043,6709,7641,87.80,True
"Czesław Adam SIEKIERSKI",23787,6709,7641,87.80,True
"Marisa MATIAS",96820,6704,7641,87.74,True
"Algirdas SAUDARGAS",96696,6704,7641,87.74,True
"Marita ULVSKOG",96672,6701,7641,87.70,True
"Eleonora FORENZA",125193,6698,7641,87.66,True
"Joëlle BERGERON",124740,6695,7641,87.62,True
"Gunnar HÖKMARK",28124,6695,7641,87.62,True
"Clare MOODY",124944,6695,7641,87.62,True
"Anne-Marie MINEUR",125037,6694,7641,87.61,True
"Lynn BOYLAN",124984,6690,7641,87.55,True
"Catherine BEARDER",96955,6689,7641,87.54,True
"Brice HORTEFEUX",5565,6689,7641,87.54,True
"Lara COMI",96775,6688,7641,87.53,True
"Udo VOIGT",124832,6682,7641,87.45,True
"Jarosław KALINOWSKI",96771,6679,7641,87.41,True
"Bernd LANGE",1909,6677,7641,87.38,True
"James NICHOLSON",1318,6675,7641,87.36,True
"Petr MACH",84175,4938,5655,87.32,False
"Marek JUREK",124892,6666,7641,87.24,True
"Andi CRISTEA",40224,6664,7641,87.21,True
"Jiří POSPÍŠIL",125706,6664,7641,87.21,True
"Christelle LECHEVALIER",188718,1859,2134,87.11,True
"Andrzej GRZYB",23785,6655,7641,87.10,True
"Paulo RANGEL",96903,6649,7641,87.02,True
"Bruno GOLLNISCH",1164,6646,7641,86.98,True
"Rosa ESTARÀS FERRAGUT",96811,6644,7641,86.95,True
"Georgi PIRINSKI",124855,6642,7641,86.93,True
"Kinga GÁL",28150,6636,7641,86.85,True
"Jens NILSSON",111024,5841,6726,86.84,False
"Georgios KYRTSOS",125063,6635,7641,86.83,True
"Marek Józef GRÓBARCZYK",96790,1786,2058,86.78,False
"Marcel de GRAAFF",125025,6631,7641,86.78,True
"Paavo VÄYRYNEN",2128,6450,7438,86.72,False
"Werner KUHN",96767,6620,7641,86.64,True
"Ulrike TREBESIUS",124829,6619,7641,86.62,True
"Jan ZAHRADIL",23712,6615,7641,86.57,True
"Kati PIRI",37229,6611,7641,86.52,True
"Miroslav POCHE",124699,6610,7641,86.51,True
"Matthias GROOTE",34728,3758,4345,86.49,False
"Dietmar KÖSTER",124822,6605,7641,86.44,True
"Rory PALMER",190099,1605,1857,86.43,True
"Sergio GUTIÉRREZ PRIETO",103488,6603,7641,86.42,True
"Diane JAMES",124939,6601,7641,86.39,True
"Urmas PAET",129073,6550,7583,86.38,True
"Asim ADEMOV",189525,1675,1940,86.34,True
"Rebecca HARMS",28233,6591,7641,86.26,True
"Daciana Octavia SÂRBU",33989,6590,7641,86.25,True
"Sylvie GOULARD",97137,4636,5376,86.24,False
"Edouard FERRAND",124767,5622,6521,86.21,False
"John FLACK",188623,1839,2134,86.18,True
"Joëlle MÉLIN",124765,6583,7641,86.15,True
"Younous OMARJEE",30482,6575,7641,86.05,True
"Catherine STIHLER",4545,6569,7641,85.97,True
"Christian EHLER",28226,6564,7641,85.90,True
"Johannes Cornelis van BAALEN",96937,6563,7641,85.89,True
"Iskra MIHAYLOVA",125128,6561,7641,85.87,True
"Fulvio MARTUSCIELLO",124828,6555,7641,85.79,True
"John PROCTER",185628,2826,3296,85.74,True
"Bogusław LIBERADZKI",23768,6550,7641,85.72,True
"Rina Ronja KARI",122885,6540,7641,85.59,True
"Marit PAULSEN",4270,1308,1529,85.55,False
"Lars ADAKTUSSON",124990,6533,7641,85.50,True
"Janusz WOJCIECHOWSKI",23784,2798,3273,85.49,False
"Zigmantas BALČYTIS",96680,6525,7641,85.39,True
"Constanze KREHL",1854,6522,7641,85.36,True
"Paloma LÓPEZ BERMEJO",125047,6522,7641,85.36,True
"Markus FERBER",1917,6521,7641,85.34,True
"Frank ENGEL",96876,6520,7641,85.33,True
"Pirkko RUOHONEN-LERNER",132366,6116,7172,85.28,True
"James CARVER",124971,6515,7641,85.26,True
"Artis PABRIKS",124743,6513,7641,85.24,True
"Renate SOMMER",4282,6513,7641,85.24,True
"Róża Gräfin von THUN UND HOHENSTEIN",96776,6511,7641,85.21,True
"João FERREIRA",96706,6510,7641,85.20,True
"Iliana IOTOVA",38605,4024,4725,85.16,False
"Laura AGEA",124811,6504,7641,85.12,True
"Iuliu WINKLER",39725,6501,7641,85.08,True
"Sander LOONES",128717,6499,7641,85.05,True
"Beatrix von STORCH",124825,4985,5861,85.05,False
"Virginie ROZIÈRE",103845,6496,7641,85.02,True
"Gerben-Jan GERBRANDY",96940,6494,7641,84.99,True
"Petri SARVAMAA",112611,6492,7641,84.96,True
"Sergio Gaetano COFFERATI",96915,6484,7641,84.86,True
"Martina ANDERSON",113959,6483,7641,84.84,True
"Jean-François JALKH",124770,6482,7641,84.83,True
"Krystyna ŁYBACKA",124883,6481,7641,84.82,True
"Nicolas BAY",124760,6479,7641,84.79,True
"Martina MICHELS",120478,6474,7641,84.73,True
"Salvatore Domenico POGLIESE",124853,6470,7641,84.67,True
"Demetris PAPADAKIS",124692,6467,7641,84.64,True
"Gabriel MATO",96936,6462,7641,84.57,True
"Joachim SCHUSTER",124837,6457,7641,84.50,True
"Anthea McINTYRE",111011,6453,7641,84.45,True
"Linda McAVAN",2327,6452,7641,84.44,True
"Davor Ivo STIER",119435,3472,4114,84.39,False
"Ioan Mircea PAŞCU",33984,6447,7641,84.37,True
"Michèle RIVASI",96743,6447,7641,84.37,True
"Juan Fernando LÓPEZ AGUILAR",96812,6446,7641,84.36,True
"Michał MARUSIK",124894,6445,7641,84.35,True
"Elena VALENCIANO",4334,6445,7641,84.35,True
"Margrete AUKEN",28161,6443,7641,84.32,True
"Paul TANG",125020,6439,7641,84.27,True
"Birgit SIPPEL",96932,6437,7641,84.24,True
"Andrew LEWER",124943,4588,5447,84.23,False
"David BORRELLI",124796,6434,7641,84.20,True
"Nils TORVALDS",114268,6431,7641,84.16,True
"Javi LÓPEZ",125042,6429,7641,84.14,True
"Alojz PETERLE",23693,6423,7641,84.06,True
"Bendt BENDTSEN",96705,6417,7641,83.98,True
"István UJHELYI",124705,6411,7641,83.90,True
"Răzvan POPA",189490,1656,1974,83.89,True
"Anna Maria CORAZZA BILDT",96674,6408,7641,83.86,True
"Patrick O'FLYNN",124940,6407,7641,83.85,True
"Michał BONI",124896,6397,7641,83.72,True
"Enrique GUERRERO SALOM",96768,6393,7641,83.67,True
"Yana TOOM",124700,6391,7641,83.64,True
"Ole CHRISTENSEN",28154,6388,7641,83.60,True
"Jiří PAYNE",189507,1660,1986,83.59,True
"Claude MORAES",4519,6386,7641,83.58,True
"Elmar BROK",1263,6382,7641,83.52,True
"David-Maria SASSOLI",96864,6375,7641,83.43,True
"Viviane REDING",1185,6362,7641,83.26,False
"Tomasz Piotr PORĘBA",96801,6359,7641,83.22,True
"Patrick LE HYARIC",96735,6347,7641,83.07,True
"Eva JOLY",96883,6342,7641,83.00,True
"Nuno MELO",96978,6341,7641,82.99,True
"Indrek TARAND",97136,6341,7641,82.99,True
"David COBURN",124967,6336,7641,82.92,True
"Karl-Heinz FLORENZ",1038,6335,7641,82.91,True
"Robert ROCHEFORT",97022,6329,7641,82.83,True
"Maria João RODRIGUES",124737,6327,7641,82.80,True
"Knut FLECKENSTEIN",96840,6325,7641,82.78,True
"Inese VAIDERE",28617,6322,7641,82.74,True
"Manolis KEFALOGIANNIS",125068,6317,7641,82.67,True
"Hannu TAKKULA",28316,5453,6600,82.62,False
"Burkhard BALZ",96997,6312,7641,82.61,True
"Danilo Oscar LANCINI",192635,554,671,82.56,True
"Massimo PAOLUCCI",124849,6304,7641,82.50,True
"Pilar AYUSO",4319,6302,7641,82.48,True
"Željana ZOVKO",185341,2906,3527,82.39,True
"Vicky FORD",96949,4487,5447,82.38,False
"Rolandas PAKSAS",96694,6292,7641,82.35,True
"Matteo SALVINI",28404,5736,6969,82.31,False
"László TŐKÉS",39726,6288,7641,82.29,True
"Cătălin Sorin IVAN",96857,6284,7641,82.24,True
"Emil RADEV",124850,6271,7641,82.07,True
"Janice ATKINSON",124938,6266,7641,82.00,True
"Keith TAYLOR",102931,6265,7641,81.99,True
"Jana ŽITŇANSKÁ",124901,6258,7641,81.90,True
"Anna HEDH",28131,6256,7641,81.87,True
"Eva KAILI",125109,6255,7641,81.86,True
"Jytte GUTELAND",124991,6246,7641,81.74,True
"Luis de GRANDES PASCUAL",28393,6243,7641,81.70,True
"Julie GIRLING",96956,6230,7641,81.53,True
"Guy VERHOFSTADT",97058,6217,7641,81.36,True
"Constance LE GRIP",101580,5051,6209,81.35,False
"Laurenţiu REBEGA",124792,6212,7641,81.30,True
"Philippe JUVIN",96884,6210,7641,81.27,True
"Richard HOWITT",2073,3531,4345,81.27,False
"Julia REID",106202,6207,7641,81.23,True
"Sirpa PIETIKÄINEN",40599,6195,7641,81.08,True
"Iris HOFFMANN",124841,6194,7641,81.06,True
"Tanja FAJON",96911,6188,7641,80.98,True
"Angelo CIOCCA",183793,3103,3836,80.89,True
"Kostadinka KUNEVA",125092,6175,7641,80.81,True
"Enrico GASBARRA",124817,6171,7641,80.76,True
"Mircea DIACONU",124805,6170,7641,80.75,True
"Valdemar TOMAŠEVSKI",96697,6170,7641,80.75,True
"Stefano MAULLU",133326,5162,6408,80.56,True
"Juan Carlos GIRAUTA VIDAL",125052,1972,2449,80.52,False
"Jean-Luc MÉLENCHON",96742,4431,5507,80.46,False
"Andrej PLENKOVIĆ",112755,3309,4114,80.43,False
"Claude TURMES",4432,6004,7484,80.22,False
"Kateřina KONEČNÁ",23699,6129,7641,80.21,True
"Jacqueline FOSTER",4553,6127,7641,80.19,True
"Renate WEBER",39713,6125,7641,80.16,True
"Hans JANSEN",125029,585,730,80.14,False
"Eva MAYDELL",98341,6122,7641,80.12,True
"Jude KIRTON-DARLING",124953,6110,7641,79.96,True
"Agustín DÍAZ DE MERA GARCÍA CONSUEGRA",28397,6105,7641,79.90,True
"Marc JOULAUD",124728,6102,7641,79.86,True
"Kay SWINBURNE",96920,6084,7641,79.62,True
"Fabio DE MASI",124858,4655,5861,79.42,False
"Rikke-Louise KARLSSON",124876,6065,7641,79.37,True
"Liadh NÍ RIADA",124987,6062,7641,79.34,True
"Giorgos GRAMMATIKAKIS",125112,6061,7641,79.32,True
"Teresa JIMÉNEZ-BECERRIL BARRIO",96806,6055,7641,79.24,True
"Pilar del CASTILLO VERA",28390,6049,7641,79.17,True
"Cláudia MONTEIRO DE AGUIAR",124734,6045,7641,79.11,True
"Adina-Ioana VĂLEAN",37324,6029,7641,78.90,True
"Nathan GILL",124965,6027,7641,78.88,True
"Javier NART",125005,6017,7641,78.75,True
"Rachida DATI",72775,6007,7641,78.62,True
"Auke ZIJLSTRA",103246,6001,7641,78.54,True
"György HÖLVÉNYI",124715,5987,7641,78.35,True
"Mariya GABRIEL",96848,4380,5621,77.92,False
"Diane DODDS",96951,5950,7641,77.87,True
"Geoffrey VAN ORDEN",4513,5943,7641,77.78,True
"Jacek SARYUSZ-WOLSKI",28297,5936,7641,77.69,True
"Konstantinos PAPADAKIS",125093,5925,7641,77.54,True
"Nikolaos CHOUNTIS",26851,5919,7641,77.46,True
"Vicky MAEIJER",97513,3919,5070,77.30,False
"Paolo DE CASTRO",96891,5879,7641,76.94,True
"Ramona Nicole MĂNESCU",39717,5876,7641,76.90,True
"Gianni PITTELLA",4436,5359,6969,76.90,False
"Baroness Nosheena MOBARIK",189391,1524,1986,76.74,True
"Marina ALBIOL GUZMÁN",125048,5863,7641,76.73,True
"Gerard BATTEN",28497,5846,7641,76.51,True
"Hermann WINKLER",96764,5844,7641,76.48,True
"Louis-Joseph MANSCOUR",124725,5839,7641,76.42,True
"Marcus PRETZELL",124830,5837,7641,76.39,True
"Amjad BASHIR",124956,5827,7641,76.26,True
"Maria Gabriela ZOANĂ",191377,853,1120,76.16,True
"Ian DUNCAN",124960,4181,5507,75.92,False
"Pablo ZALBA BIDEGAIN",96763,3298,4345,75.90,False
"Louis ALIOT",30190,4288,5655,75.83,False
"Elsi KATAINEN",191693,789,1041,75.79,True
"Roger HELMER",4516,4271,5655,75.53,False
"Margot PARKER",124945,5753,7641,75.29,True
"Steven WOOLFE",124966,5752,7641,75.28,True
"Esther HERRANZ GARCÍA",22418,5727,7641,74.95,True
"Dan NICA",124784,5722,7641,74.89,True
"Marine LE PEN",28210,4118,5507,74.78,False
"Christofer FJELLNER",28126,5711,7641,74.74,True
"Alexander Graf LAMBSDORFF",28242,4374,5861,74.63,False
"Jens ROHDE",96710,5697,7641,74.56,True
"Stanisław ŻÓŁTEK",124902,5670,7641,74.20,True
"Santiago FISAS AYXELÀ",96729,5659,7641,74.06,True
"Boris ZALA",96656,5644,7641,73.86,True
"Jill SEYMOUR",124950,5643,7641,73.85,True
"Sotirios ZARIANOPOULOS",125090,5634,7641,73.73,True
"Michael THEURER",96871,4318,5861,73.67,False
"Reinhard BÜTIKOFER",96739,5626,7641,73.63,True
"Verónica LOPE FONTAGNÉ",96765,5626,7641,73.63,True
"Georgios KATROUGKALOS",125062,183,249,73.49,False
"Elissavet VOZEMBERG-VRIONIDI",125065,5611,7641,73.43,True
"Ian HUDGHTON",2338,5609,7641,73.41,True
"Maria SPYRAKI",125064,5599,7641,73.28,True
"Miloslav RANSDORF",23706,1842,2516,73.21,False
"Goffredo Maria BETTINI",124819,5565,7641,72.83,True
"Mike HOOKEM",124957,5562,7641,72.79,True
"Raffaele FITTO",4465,5526,7641,72.32,True
"Syed KAMALL",33569,5521,7641,72.25,True
"David CAMPBELL BANNERMAN",96912,5515,7641,72.18,True
"Ulla TØRNÆS",124880,1932,2677,72.17,False
"Ryszard Antoni LEGUTKO",96796,5488,7641,71.82,True
"Alyn SMITH",28508,5487,7641,71.81,True
"András GYÜRK",23816,5486,7641,71.80,True
"Raymond FINCH",124941,5478,7641,71.69,True
"Bill ETHERIDGE",124951,5473,7641,71.63,True
"Viorica DĂNCILĂ",95281,4650,6521,71.31,False
"Dawid Bohdan JACKIEWICZ",124882,1458,2058,70.85,False
"Emma McCLARKIN",96919,5413,7641,70.84,True
"Sergei STANISHEV",124852,5402,7641,70.70,True
"Florian PHILIPPOT",110977,5399,7641,70.66,True
"Roberts ZĪLE",28615,5398,7641,70.65,True
"Anneliese DODDS",124969,3840,5447,70.50,False
"Iveta GRIGULE-PĒTERSE",124745,5360,7641,70.15,True
"Alessia Maria MOSCA",124868,5338,7641,69.86,True
"Linnéa ENGSTRÖM",128588,5319,7641,69.61,True
"Maurice PONGA",96931,5317,7641,69.59,True
"Tamás MESZERICS",124720,5292,7641,69.26,True
"Béla KOVÁCS",102887,5275,7641,69.04,True
"Cristian-Silviu BUŞOI",38420,5269,7641,68.96,True
"Pina PICIERNO",124846,5267,7641,68.93,True
"Helga TRÜPEL",28240,5244,7641,68.63,True
"Andrzej DUDA",124899,568,831,68.35,False
"Alessandra MUSSOLINI",28429,5210,7641,68.18,True
"Sajjad KARIM",28481,5199,7641,68.04,True
"Patricia LALONDE",188254,1525,2245,67.93,True
"Ángela VALLINA",125050,5180,7641,67.79,True
"Viktor USPASKICH",96698,5169,7641,67.65,True
"Morten MESSERSCHMIDT",96663,5151,7641,67.41,True
"Martin SONNEBORN",124834,5146,7641,67.35,True
"Antanas GUOGA",124763,5140,7641,67.27,True
"Lorenzo CESA",28451,5123,7641,67.05,True
"Dame Glenis WILLMOTT",35743,3807,5784,65.82,False
"Aldo PATRICIELLO",36392,5016,7641,65.65,True
"Eleni THEOCHAROUS",25704,5012,7641,65.59,True
"Jane COLLINS",124955,4986,7641,65.25,True
"Nirj DEVA",4556,4985,7641,65.24,True
"Theodoros ZAGORAKIS",125067,4985,7641,65.24,True
"Godelieve QUISTHOUDT-ROWOHL",1055,4977,7641,65.14,True
"Tim AKER",99650,4918,7641,64.36,True
"Marie-Pierre VIEU",188721,1367,2134,64.06,True
"Renaud MUSELIER",124729,4841,7641,63.36,True
"Kerstin WESTPHAL",96839,4828,7641,63.19,True
"Jiří MAŠTÁLKA",23704,4821,7641,63.09,True
"Eduard-Raul HELLVIG",37448,189,300,63.00,False
"Daniel HANNAN",4555,4768,7641,62.40,True
"William (The Earl of) DARTMOUTH",96958,4685,7641,61.31,True
"Nikolay BAREKOV",124871,4606,7641,60.28,True
"Tamás DEUTSCH",96826,4373,7641,57.23,True
"Timothy KIRKHOPE",4542,2265,3984,56.85,False
"Krisztina MORVAI",96661,4342,7641,56.83,True
"Barbara MATERA",96813,4341,7641,56.81,True
"Morten LØKKEGAARD",96709,4316,7641,56.48,True
"Alessandra MORETTI",124799,137,249,55.02,False
"Damian DRĂGHICI",124786,4166,7641,54.52,True
"Paul NUTTALL",96805,3993,7641,52.26,True
"Louise BOURS",124964,3992,7641,52.24,True
"Annemie NEYTS-UYTTEBROECK",1946,106,203,52.22,False
"Urszula KRUPA",28334,3941,7641,51.58,True
"Carolina PUNSET",90110,2624,5110,51.35,True
"Manuel dos SANTOS",21918,3907,7641,51.13,True
"Jaromír KOHLÍČEK",28331,3642,7641,47.66,True
"Laima Liucija ANDRIKIENĖ",28276,3637,7641,47.60,True
"Antonio TAJANI",2187,3619,7641,47.36,True
"Renato SORU",124860,3484,7641,45.60,True
"Thomas HÄNDEL",96851,3114,7641,40.75,True
"Nigel FARAGE",4525,2926,7641,38.29,True
"José Ignacio SALAFRANCA SÁNCHEZ-NEYRA",2002,2740,7641,35.86,True
"Jean-Marie LE PEN",1023,2362,7641,30.91,True
"Olli REHN",2119,135,469,28.78,False
"Louis IDE",125108,53,190,27.89,False
"Thierry CORNILLET",4338,1877,7641,24.56,True
"Giovanni TOTI",124764,275,1124,24.47,False
"Miguel ARIAS CAÑETE",1351,10,58,17.24,False
"Nadja HIRSCH",96872,1314,7641,17.20,True
"Wolf KLINZ",28244,1254,7641,16.41,True
"Ivari PADAR",97025,1239,7641,16.22,True
"Lívia JÁRÓKA",28141,1177,7641,15.40,True
"Ana MIRANDA",24942,843,7641,11.03,True
"Andrus ANSIP",124696,4,58,6.90,False
"Corina CREȚU",33997,4,58,6.90,False
"Valdis DOMBROVSKIS",28618,4,58,6.90,False
"Christos STYLIANIDES",124688,4,58,6.90,False
"Giancarlo SCOTTÀ",96996,412,7641,5.39,True
"Martin SCHULZ",1911,101,4770,2.12,False
"Philip BRADBOURN",4540,0,203,0.00,False
"Brian CROWLEY",2109,0,7641,0.00,True
"Jordi Vicent SEBASTIA TALAVERA",125053,0,4114,0.00,False
"Marianne THYSSEN",1832,0,58,0.00,False
